วันที่,ประเภท,โมเดล,ล็อตการผลิต,จำนวน,หน่วย,มูลค่า (บาท),แผนก,สถานะ,หมายเหตุ
03/02/2025,,PNL_1295,SA29D,1,ชิ้น,0,SMT,กำลังตรวจสอบ,อุปกรณ์ตะแคง
03/02/2025,,PNL_1288,SA26D,1,ชิ้น,0,SMT,กำลังแก้ไข,สิ่งแปลกปลอม
03/02/2025,,PNL_1288,SA26D,1,ชิ้น,,SMT,กำลังแก้ไข,อุปกรณ์ขาลอย
03/02/2025,,20MY_FOG,SA27D,1,ชิ้น,,SMT,กำลังแก้ไข,ไม่มีอุปกรณ์
03/02/2025,,PNL_1288,SA31D,1,ชิ้น,,SMT,กำลังแก้ไข,อุปกรณ์ตั้ง
03/02/2025,,T22-A313,SA30D,2,ชิ้น,,SMT,กำลังแก้ไข,อุปกรณ์เลื่อน
03/02/2025,,T56-C310,SA29D,1,ชิ้น,,SMT,กำลังแก้ไข,อุปกรณ์เลื่อน
03/02/2025,,T22-A313,SA29N,1,ชิ้น,,SMT,กำลังแก้ไข,สิ่งแปลกปลอม
03/02/2025,,T22-A313,SA29N,1,ชิ้น,,SMT,กำลังแก้ไข,ตะกั่วไม่ขึ้นขาอุปกรณ์
03/02/2025,,T22-A313,SA31N,7,ชิ้น,,SMT,กำลังแก้ไข,อุปกรณ์ตกลาย
03/02/2025,,T22-A313,SA30D,4,ชิ้น,,SMT,กำลังแก้ไข,ไม่มีอุปกรณ์
03/02/2025,,T22-A313,SA30D,1,ชิ้น,,SMT,กำลังแก้ไข,ไม่มีอุปกรณ์
03/02/2025,,T13-K621,SA31D,1,ชิ้น,,SMT,กำลังแก้ไข,อุปกรณ์ลอย
03/02/2025,,T00-P412,SA29D,1,ชิ้น,,SMT,กำลังแก้ไข,สิ่งแปลกปลอม
03/02/2025,,KEME-A2,SA31D,1,ชิ้น,,SMT,กำลังแก้ไข,อุปกรณ์ลอย
04/02/2025,,PNL_1288,SA31D,15,ชิ้น,,SMT,กำลังแก้ไข,อุปกรณ์เลื่อน
04/02/2025,,PNL_1288,SB03D,1,ชิ้น,,SMT,กำลังแก้ไข,ไม่มีอุปกรณ์
04/02/2025,,TYB_A931,SB02D,1,ชิ้น,,SMT,กำลังแก้ไข,ขาเสียรูป
04/02/2025,,T24-V713,SB02D,1,ชิ้น,,SMT,กำลังแก้ไข,ไม่มีอุปกรณ์
04/02/2025,,30A-A710,SB02D,2,ชิ้น,,SMT,กำลังแก้ไข,ไม่มีอุปกรณ์
04/02/2025,,THR-A211,SB01D,2,ชิ้น,,SMT,กำลังแก้ไข,อุปกรณ์ขาลอย
04/02/2025,,32N_K511_C3D8,SA30D,1,ชิ้น,,SMT,กำลังแก้ไข,อุปกรณ์ตะแคง
04/02/2025,,3M6-M510,SB01N,1,ชิ้น,,SMT,กำลังแก้ไข,สิ่งแปลกปลอม
04/02/2025,,3M6-M510,SB03N,1,ชิ้น,,SMT,กำลังแก้ไข,อุปกรณ์กลับขั่ว
04/02/2025,,3M3-P311,SB01N,1,ชิ้น,,SMT,กำลังแก้ไข,อุปกรณ์ตะแคง
04/02/2025,,THR-A212_C4_D8,SB01D,1,ชิ้น,,SMT,กำลังแก้ไข,ตะกั่วไม่ขึ้นขาอุปกรณ์
05/02/2025,,THRS_A212,SB03N,1,ชิ้น,,SMT,กำลังแก้ไข,อุปกรณ์ตั้ง
05/02/2025,,J30-A1,SB03D,1,ชิ้น,,SMT,กำลังแก้ไข,อุปกรณ์ลอย
05/02/2025,,T14-M710,SB03D,1,ชิ้น,,SMT,กำลังแก้ไข,อุปกรณ์เลื่อน
05/02/2025,,32N_K511_C4D8,SB04D,2,ชิ้น,,SMT,กำลังแก้ไข,อุปกรณ์ลอย
05/02/2025,,KMV6-A1,SB04D,2,ชิ้น,,SMT,กำลังแก้ไข,อุปกรณ์ลอย
05/02/2025,,TG4-K112,SB03D,2,ชิ้น,,SMT,กำลังแก้ไข,ตะกั่วเชื่อมขาอุปกรณ์
05/02/2025,,THRS_A212,SB03D,1,ชิ้น,,SMT,กำลังแก้ไข,อุปกรณ์เลื่อน
05/02/2025,,T86_K014,SB03D,1,ชิ้น,,SMT,กำลังแก้ไข,สิ่งแปลกปลอม
05/02/2025,,T24-T713,SB04N,6,ชิ้น,,SMT,กำลังแก้ไข,อุปกรณ์เลื่อน
05/02/2025,,K1ZT_HL,SB04N,1,ชิ้น,,SMT,กำลังแก้ไข,อุปกรณ์ตั้ง
06/02/2025,,4P00_BI,SB05N,1,ชิ้น,,SMT,กำลังแก้ไข,อุปกรณ์เลื่อน
06/02/2025,,4P00_BI,SB05N,1,ชิ้น,,SMT,กำลังแก้ไข,อุปกรณ์เลื่อน
06/02/2025,,20MY_DRL,SB04D,1,ชิ้น,,SMT,กำลังแก้ไข,อุปกรณ์เลื่อน
06/02/2025,,PNL1288,SB03N,1,ชิ้น,,SMT,กำลังแก้ไข,อุปกรณ์ร้าว
06/02/2025,,PNL1288,SB03N,1,ชิ้น,,SMT,กำลังแก้ไข,อุปกรณ์ตะแคง
06/02/2025,,PNL1288,SB03N,2,ชิ้น,,SMT,กำลังแก้ไข,อุปกรณ์แตก
06/02/2025,,KOFA,SB05N,1,ชิ้น,,SMT,กำลังแก้ไข,อุปกรณ์กลับด้าน
06/02/2025,,KOFA,SB05N,2,ชิ้น,,SMT,กำลังแก้ไข,อุปกรณ์กลับด้าน
06/02/2025,,KOFA,SB05N,3,ชิ้น,,SMT,กำลังแก้ไข,อุปกรณ์กลับด้าน
06/02/2025,,KOFA,SB05N,4,ชิ้น,,SMT,กำลังแก้ไข,อุปกรณ์กลับด้าน
07/02/2025,,3L3_M510,SB05N,1,ชิ้น,,SMT,กำลังแก้ไข,สิ่งแปลกปลอม
07/02/2025,,3L6_M810,SB05N,1,ชิ้น,,SMT,กำลังแก้ไข,อุปกรณ์กลับขั่ว
07/02/2025,,TYA_A731,SB04N,1,ชิ้น,,SMT,กำลังแก้ไข,ตะกั่วเชื่อมขาอุปกรณ์
10/02/2025,,PNL1288,SB07D,1,ชิ้น,,SMT,กำลังแก้ไข,อุปกรณ์ลอย
10/02/2025,,PNL1288,SB06N,1,ชิ้น,,SMT,กำลังแก้ไข,อุปกรณ์แตก
10/02/2025,,PNL1287,SB04N,2,ชิ้น,,SMT,กำลังแก้ไข,อุปกรณ์บิ่น/ร้าว
10/02/2025,,TOAX,SB07D,4,ชิ้น,,SMT,กำลังแก้ไข,อุปกรณ์เลื่อน
10/02/2025,,TOAX,SB07D,1,ชิ้น,,SMT,กำลังแก้ไข,อุปกรณ์กลับด้าน
10/02/2025,,TOAX,SB07D,1,ชิ้น,,SMT,กำลังแก้ไข,ไม่มีอุปกรณ์
10/02/2025,,3V00,SB07N,3,ชิ้น,,SMT,กำลังแก้ไข,ตะกั่วไม่ขึ้นขาอุปกรณ์
10/02/2025,,3V00,SB07N,2,ชิ้น,,SMT,กำลังแก้ไข,อุปกรณ์ตั้ง
10/02/2025,,J30-A2,SB07D,2,ชิ้น,,SMT,กำลังแก้ไข,ไม่มีอุปกรณ์
10/02/2025,,T14-M021,SB08D,1,ชิ้น,,SMT,กำลังแก้ไข,อุปกรณ์ขาลอย
10/02/2025,,T22-A313,SB07N,1,ชิ้น,,SMT,กำลังแก้ไข,อุปกรณ์ขาลอย
10/02/2025,,J30-A2,SB07D,1,ชิ้น,,SMT,กำลังแก้ไข,อุปกรณ์เลื่อน
10/02/2025,,T22-A313,SB07N,1,ชิ้น,,SMT,กำลังแก้ไข,สิ่งแปลกปลอม
10/02/2025,,HUMIDITY,SB06D,6,ชิ้น,,SMT,กำลังแก้ไข,ตะกั่วไม่ขึ้นขาอุปกรณ์
10/02/2025,,HUMIDITY,SB06D,2,ชิ้น,,SMT,กำลังแก้ไข,อุปกรณ์ตั้ง
10/02/2025,,J30-A1,SB07D,1,ชิ้น,,SMT,กำลังแก้ไข,วางไม่ดีแนวนอน
10/02/2025,,3N0-U230,SB07N,1,ชิ้น,,SMT,กำลังแก้ไข,ไม่มีอุปกรณ์
10/02/2025,,TYA_K012,SB04D,2,ชิ้น,,SMT,กำลังแก้ไข,อุปกรณ์ตะแคง
11/02/2025,,K3MF,SB10D,1,ชิ้น,,SMT,กำลังแก้ไข,อุปกรณ์ตั้ง
11/02/2025,,PNL1295,SB06D,1,ชิ้น,,SMT,กำลังแก้ไข,อุปกรณ์ตั้ง
11/02/2025,,PNL1295,SB03N,1,ชิ้น,,SMT,กำลังแก้ไข,อุปกรณ์แตก
11/02/2025,,PNL_1288,SB08N,1,ชิ้น,,SMT,กำลังแก้ไข,อุปกรณ์แตก
11/02/2025,,T86_P013,SA23N,1,ชิ้น,,SMT,กำลังแก้ไข,ตะกั่วเชื่อมขาอุปกรณ์
11/02/2025,,T08-K681,SB10D,1,ชิ้น,,SMT,กำลังแก้ไข,อุปกรณ์ตะแคง
11/02/2025,,TG4_P010,SB10D,1,ชิ้น,,SMT,กำลังแก้ไข,อุปกรณ์ตั้ง
12/02/2025,,30B-A810,SB11D,4,ชิ้น,,SMT,กำลังแก้ไข,อุปกรณ์ขาลอย
12/02/2025,,30B-A810,SB11D,1,ชิ้น,,SMT,กำลังแก้ไข,อุปกรณ์ขาเสียรูป
12/02/2025,,KEME-A2,SB11D,1,ชิ้น,,SMT,กำลังแก้ไข,อุปกรณ์เลื่อน
12/02/2025,,PNL1288C,SB11D,1,ชิ้น,,SMT,กำลังแก้ไข,อุปกรณ์แตกร้าว
12/02/2025,,PNL1308,SB10D,2,ชิ้น,,SMT,กำลังแก้ไข,อุปกรณ์แตกร้าว
12/02/2025,,PNL1288,SB10D,1,ชิ้น,,SMT,กำลังแก้ไข,อุปกรณ์แตกร้าว
12/02/2025,,PNL1288,SB10D,1,ชิ้น,,SMT,กำลังแก้ไข,ตะกั่วเชื่อมขาอุปกรณ์
13/02/2025,,H60_DRL,SB11D,3,ชิ้น,,SMT,กำลังแก้ไข,อุปกรณ์เลื่อน
13/02/2025,,PNL1308,SB10D,1,ชิ้น,,SMT,กำลังแก้ไข,อุปกรณ์ขาลอย
13/02/2025,,PNL1308,SB10D,4,ชิ้น,,SMT,กำลังแก้ไข,อุปกณณ์ร้าว
13/02/2025,,20MY_DRL,SB10N,1,ชิ้น,,SMT,กำลังแก้ไข,อุปกรณ์ตะแคง
13/02/2025,,PNL_1288,SB11D,1,ชิ้น,,SMT,กำลังแก้ไข,ตะกั่วไม่ขึ้นขาอุปกรณ์
13/02/2025,,PNL_1288,SB11D,2,ชิ้น,,SMT,กำลังแก้ไข,อุปกรณ์แตก
13/02/2025,,K1ZT_HL,SB08N,1,ชิ้น,,SMT,กำลังแก้ไข,อุปกรณ์ตั้ง
13/02/2025,,3N0-J230,SB12D,1,ชิ้น,,SMT,กำลังแก้ไข,สิ่งแปลกปลอม
13/02/2025,,J30-A1,SB12D,1,ชิ้น,,SMT,กำลังแก้ไข,อุปกรณ์ชำรุด
13/02/2025,,T00-Y513,SB12D,1,ชิ้น,,SMT,กำลังแก้ไข,ตะกั่วน้อย
13/02/2025,,3M1-Y111,SA23N,1,ชิ้น,,SMT,กำลังแก้ไข,ไม่มีอุปกรณ์
13/02/2025,,T86_K414_D602C4,SA25D,1,ชิ้น,,SMT,กำลังแก้ไข,ตะกั่วเชื่อมขาอุปกรณ์
13/02/2025,,KOFA,SB12D,1,ชิ้น,,SMT,กำลังแก้ไข,อุปกรณ์กลับด้าน
13/02/2025,,TYA-A731,SA11N,1,ชิ้น,,SMT,กำลังแก้ไข,ตะกั่วเชื่อมขาอุปกรณ์
14/02/2025,,D92,SB10D,4,ชิ้น,,SMT,กำลังแก้ไข,ไม่มีอุปกรณ์
14/02/2025,,D92,SB10D,2,ชิ้น,,SMT,กำลังแก้ไข,"อุปกรณ์แตก,อุปกรณ์ร้าว"
14/02/2025,,PNL1334,SB12N,2,ชิ้น,,SMT,กำลังแก้ไข,ตะกั่วน้อย
14/02/2025,,TYB_A931,SB13D,1,ชิ้น,,SMT,กำลังแก้ไข,อุปกรณ์ลอย
14/02/2025,,J30-A2,SB11N,1,ชิ้น,,SMT,กำลังแก้ไข,อุปกรณ์ชำรุด
14/02/2025,,J30-A2,SB11N,1,ชิ้น,,SMT,กำลังแก้ไข,ไม่มีอุปกรณ์
14/02/2025,,J30-A2,SB11N,1,ชิ้น,,SMT,กำลังแก้ไข,อุปกรณ์เลื่อน
14/02/2025,,30A-Y710,SB08N,1,ชิ้น,,SMT,กำลังแก้ไข,สิ่งแปลกปลอม
17/02/2025,,T24-T713-D8,SB13N,2,ชิ้น,,SMT,กำลังแก้ไข,อุปกรณ์เลื่อน
17/02/2025,,TVA-A012,SB05D,1,ชิ้น,,SMT,กำลังแก้ไข,ไม่มีอุปกรณ์
17/02/2025,,HUMIDITY,SB10D,1,ชิ้น,,SMT,กำลังแก้ไข,ตะกั่วน้อย
17/02/2025,,TVA-A012,SB04D,1,ชิ้น,,SMT,กำลังแก้ไข,ตะกั่วน้อย
17/02/2025,,3M1-T211,SB14D,1,ชิ้น,,SMT,กำลังแก้ไข,สิ่งแปลกปลอม
17/02/2025,,PNL1288,SB13D,2,ชิ้น,,SMT,กำลังแก้ไข,ตะกั่วเชื่อมขาอุปกรณ์
17/02/2025,,PNL1288,SB14D,1,ชิ้น,,SMT,กำลังแก้ไข,อุปกรณ์ลอย
17/02/2025,,PNL1288,SB14D,1,ชิ้น,,SMT,กำลังแก้ไข,อุปกรณ์ตะแคง
17/02/2025,,PNL1308,SB10D,1,ชิ้น,,SMT,กำลังแก้ไข,อุปกรณ์แตก
17/02/2025,,PNL1295,SB14D,1,ชิ้น,,SMT,กำลังแก้ไข,อุปกรณ์แตก
17/02/2025,,H60_DRL,SB14D,1,ชิ้น,,SMT,กำลังแก้ไข,สิ่งแปลกปลอม
17/02/2025,,K1ZT_HL,SB12D,4,ชิ้น,,SMT,กำลังแก้ไข,อุปกรณ์เลื่อน
17/02/2025,,K2VH,SB12D,1,ชิ้น,,SMT,กำลังแก้ไข,สิ่งแปลกปลอม(ฟลักกซ์หยด)
17/02/2025,,K2FR,SB11N,1,ชิ้น,,SMT,กำลังแก้ไข,อุปกรณ์ลอย
18/02/2025,,H60_DRL,SB14N,1,ชิ้น,,SMT,กำลังแก้ไข,อุปกรณืเลื่อน
18/02/2025,,H60_DRL,SB14N,1,ชิ้น,,SMT,กำลังแก้ไข,อุปกรณืเลื่อน
18/02/2025,,20MY_CON,SB12D,1,ชิ้น,,SMT,กำลังแก้ไข,อุปกรณ์แตก
18/02/2025,,BUA1208,SB12D,1,ชิ้น,,SMT,กำลังแก้ไข,อุปกรณ์เลื่อน
18/02/2025,,3M0A,SB13D,1,ชิ้น,,SMT,กำลังแก้ไข,ตะกั่วน้อย
18/02/2025,,K1ZT_HL,SB15N,1,ชิ้น,,SMT,กำลังแก้ไข,อุปกรณ์ตั้ง
19/02/2025,,PNL_1295,SB17D,1,ชิ้น,,SMT,กำลังแก้ไข,ตะกั่วน้อย
19/02/2025,,PNL_1288,SB15D,1,ชิ้น,,SMT,กำลังแก้ไข,อุปกรณ์ลอย
19/02/2025,,KOFA_17506,SB12N,3,ชิ้น,,SMT,กำลังแก้ไข,อุปกรณ์กลับด้าน
19/02/2025,,H60_RC,SB17D/SB08N,1,ชิ้น,,SMT,กำลังแก้ไข,ไม่มีอุปกรณ์
19/02/2025,,H60_RC,SB17D/SB08N,1,ชิ้น,,SMT,กำลังแก้ไข,อุปกรณ์เลื่อน
19/02/2025,,PNL1334,SB15D,1,ชิ้น,,SMT,กำลังแก้ไข,อุปกรณ์แตก
19/02/2025,,KOFA_17506,SB12N,1,ชิ้น,,SMT,กำลังแก้ไข,อุปกรณ์กลับด้าน
19/02/2025,,PNL_1295,SB17D,1,ชิ้น,,SMT,กำลังแก้ไข,ปัญหาตะกั่ว
19/02/2025,,PNL_1295,SB17D,1,ชิ้น,,SMT,กำลังแก้ไข,ไม่มีอุปกรณ์/อุปกรณ์ไม่ครบ
19/02/2025,,PNL_1288,SB12D,1,ชิ้น,,SMT,กำลังแก้ไข,อุปกรณ์ตะกั่วเชื่อม
19/02/2025,,3V00_DRL,SB15N,1,ชิ้น,,SMT,กำลังแก้ไข,อุปกรณ์ตั้ง
19/02/2025,,K3MF,SB14D,1,ชิ้น,,SMT,กำลังแก้ไข,ตะกั่วไม่ขึ้นขาอุปกรณ์
20/02/2025,,4P00_BI,SB19N,2,ชิ้น,,SMT,กำลังแก้ไข,ตะกั่วเชื่อมขาอุปกรณ์
20/02/2025,,D92_LO_HI,SB19D,1,ชิ้น,,SMT,กำลังแก้ไข,อุปกรณ์ตั้ง
20/02/2025,,TLAA_FR_FOG,SB17D,1,ชิ้น,,SMT,กำลังแก้ไข,ตะกั่วไม่ขึ้นขาอุปกรณ์
20/02/2025,,K0GA,SB04D,1,ชิ้น,,SMT,กำลังแก้ไข,ตะกั่วมาก
24/02/2025,,30B-A810,SB21N,1,ชิ้น,,SMT,กำลังแก้ไข,อุปกรณ์ลอย
24/02/2025,,KEME-A2,SB21N,1,ชิ้น,,SMT,กำลังแก้ไข,อุปกรณ์เลื่อน
25/02/2025,,K1ZT_HL,SB20D,5,ชิ้น,,SMT,กำลังแก้ไข,อุปกรณ์เลื่อน
25/02/2025,,LSC01_RC,SB05D,1,ชิ้น,,SMT,กำลังแก้ไข,อุปกรณ์แตก
25/02/2025,,K2VH_DRV,SB24D,1,ชิ้น,,SMT,กำลังแก้ไข,อุปกรณ์ลอย
25/02/2025,,K1ZT_HL,SB21N,1,ชิ้น,,SMT,กำลังแก้ไข,ฟลั๊กซ์หยด
25/02/2025,,K58M,SB20D,1,ชิ้น,,SMT,กำลังแก้ไข,อุปกรณ์กลับขั้ว
25/02/2025,,K3MF_TL,SB15D,1,ชิ้น,,SMT,กำลังแก้ไข,อุปกรณ์ตั้ง
25/02/2025,,RJ08_RC,SB13D,1,ชิ้น,,SMT,กำลังแก้ไข,อุปกรณ์กลับด้าน
25/02/2025,,T24_R113,SB22N,1,ชิ้น,,SMT,กำลังแก้ไข,ตะกั่วน้อย
25/02/2025,,T22-A313,SB20N,2,ชิ้น,,SMT,กำลังแก้ไข,ไม่มีอุปกรณ์
25/02/2025,,T6C-K110,SB24D,1,ชิ้น,,SMT,กำลังแก้ไข,ขาเสียรูป
25/02/2025,,5F00_RH,SB19D,1,ชิ้น,,SMT,กำลังแก้ไข,อุปกรณ์เลื่อน
25/02/2025,,PNL1287,SB24D,1,ชิ้น,,SMT,กำลังแก้ไข,ตะกั่วน้อย
25/02/2025,,PNL1288,SB24D,1,ชิ้น,,SMT,กำลังแก้ไข,ไม่มีอุปกรณ์
25/02/2025,,PNL1288,SB24D,2,ชิ้น,,SMT,กำลังแก้ไข,อุปกรณ์แตก
25/02/2025,,PNL1288C,SB24D,3,ชิ้น,,SMT,กำลังแก้ไข,อุปกรณ์แตก
25/02/2025,,K46F,SB22D,1,ชิ้น,,SMT,กำลังแก้ไข,อุปกรณ์กลับด้าน
25/02/2025,,PNL1288,SB20D,1,ชิ้น,,SMT,กำลังแก้ไข,อุปกรณ์ขาเสียรูป (ลอย)
25/02/2025,,PNL1287,SB19N,1,ชิ้น,,SMT,กำลังแก้ไข,อุปกรณ์กลับด้าน
25/02/2025,,PNL1288,SB21N,1,ชิ้น,,SMT,กำลังแก้ไข,อุปกรณ์ตะแคง
25/02/2025,,PNL1295,SB19D,4,ชิ้น,,SMT,กำลังแก้ไข,อุปกรณ์ขาลอย
25/02/2025,,PNL1288,SB18N,4,ชิ้น,,SMT,กำลังแก้ไข,อุปกรณ์แตก
25/02/2025,,PNL1288,SB17D,1,ชิ้น,,SMT,กำลังแก้ไข,อุปกรณ์ลอย
25/02/2025,,PNL1287,SB19N,2,ชิ้น,,SMT,กำลังแก้ไข,อุปกรณ์แตก
25/02/2025,,PNL1288,SB19D,1,ชิ้น,,SMT,กำลังแก้ไข,อุปกรณ์กลับขั้ว
26/02/2025,,K58M,SB25D,1,ชิ้น,,SMT,กำลังแก้ไข,อุปกรณ์เลื่อน
26/02/2025,,PNL1288,SB25N,2,ชิ้น,,SMT,กำลังแก้ไข,อุปกรณ์ร้าว
26/02/2025,,PNL1288,SB24N,1,ชิ้น,,SMT,กำลังแก้ไข,อุปกรณ์ลอย
27/02/2025,,K58M,SB25N,1,ชิ้น,,SMT,กำลังแก้ไข,อุปกรณ์ขาเสียรูปขาลอย
27/02/2025,,K73L,SB21N,1,ชิ้น,,SMT,กำลังแก้ไข,อุปกรณ์เลื่อน
27/02/2025,,RJ08_FT,SB18N,1,ชิ้น,,SMT,กำลังแก้ไข,ไม่มีอุปกรณ์
27/02/2025,,231B_LID_W3432,SB14N,1,ชิ้น,,SMT,กำลังแก้ไข,อุปกรณ์เลื่อน
27/02/2025,,PNL1288,SB25N,1,ชิ้น,,SMT,กำลังแก้ไข,ตะกั่วไม่ขึ้นขาอุปกรณ์
27/02/2025,,PNL1334,SB25D,1,ชิ้น,,SMT,กำลังแก้ไข,อุปกรณ์แตก
27/02/2025,,PNL1288,SB25N,1,ชิ้น,,SMT,กำลังแก้ไข,อุปกรณ์แตก
27/02/2025,,3M0A_LO_HI,SB25N,1,ชิ้น,,SMT,กำลังแก้ไข,อุปกรณ์เลื่อน
27/02/2025,,K1ZT_RCL,SB25N,1,ชิ้น,,SMT,กำลังแก้ไข,อุปกรณ์เลื่อน
27/02/2025,,K1ZT_RCL,SB25N,1,ชิ้น,,SMT,กำลังแก้ไข,อุปกรณ์ตะแคง
03/03/2025,,J30-A2,SB24N,6,ชิ้น,,SMT,กำลังแก้ไข,อุปกรณ์ลอย
03/03/2025,,J30-A2,SB24N,1,ชิ้น,,SMT,กำลังแก้ไข,อุปกรณ์ตั้ง/กลับด้านแล้วตั้ง
03/03/2025,,J30-A2,SB24N,6,ชิ้น,,SMT,กำลังแก้ไข,ตะกั่วไม่ขึ้นขาอุปกรณ์
03/03/2025,,KEME-A2,SB26N,5,ชิ้น,,SMT,กำลังแก้ไข,อุปกรณ์ลอย
03/03/2025,,T56-C310,SB27D,1,ชิ้น,,SMT,กำลังแก้ไข,อุปกรณ์ลอยวางไม่ดี
03/03/2025,,3M3-M030,SB28N,9,ชิ้น,,SMT,กำลังแก้ไข,อุปกรณ์เลื่อน
03/03/2025,,THR_A212,SB27D,1,ชิ้น,,SMT,กำลังแก้ไข,ตะกั่วไม่ขึ้นขาอุปกรณ์
03/03/2025,,T56_C310,SB27D,1,ชิ้น,,SMT,กำลังแก้ไข,ตะกั่วน้อย
03/03/2025,,THR_A212,SB27D,1,ชิ้น,,SMT,กำลังแก้ไข,ตะกั่วไม่ขึ้นขาอุปกรณ์
03/03/2025,,T06-T512,SB25D,1,ชิ้น,,SMT,กำลังแก้ไข,ตะกั่วน้อย
03/03/2025,,T00-T513,SB25D,1,ชิ้น,,SMT,กำลังแก้ไข,ไม่มีอุปกรณ์
03/03/2025,,T00-T513,SB25D,1,ชิ้น,,SMT,กำลังแก้ไข,ไม่มีอุปกรณ์
03/03/2025,,3M06-M510,SB26D,1,ชิ้น,,SMT,กำลังแก้ไข,ตะกั่วเชื่อมขาอุปกรณ์
03/03/2025,,T00-Y513,RC01N,1,ชิ้น,,SMT,กำลังแก้ไข,ตกลาย
03/03/2025,,3N3-P311,SB26D,1,ชิ้น,,SMT,กำลังแก้ไข,อุปกรณ์กลับขั้ว
03/03/2025,,HUMIDITY,SB22,1,ชิ้น,,SMT,กำลังแก้ไข,ไม่มีอุปกรณ์
03/03/2025,,HUMIDITY,SB20,1,ชิ้น,,SMT,กำลังแก้ไข,สิ่งแปลกปลอม
03/03/2025,,HUMIDITY,SB24,2,ชิ้น,,SMT,กำลังแก้ไข,ชิ้นส่วนวางไม่ดี
03/03/2025,,HUMIDITY,SB28N,4,ชิ้น,,SMT,กำลังแก้ไข,ชิ้นส่วนวางไม่ดี
03/03/2025,,TYB_A931,SB26D,7,ชิ้น,,SMT,กำลังแก้ไข,อุปกรณ์ลอย
03/03/2025,,3L6_M730,SC02D,1,ชิ้น,,SMT,กำลังแก้ไข,อุปกรณ์กลับขั้ว
04/03/2025,,K1ZT_RCL,SC03N,1,ชิ้น,,SMT,กำลังแก้ไข,อุปกรณ์เลื่อน
04/03/2025,,K1ZT_RCL,SC03N,1,ชิ้น,,SMT,กำลังแก้ไข,อุปกรณ์เลื่อน
04/03/2025,,3M0A_LO_HI,SC03N,1,ชิ้น,,SMT,กำลังแก้ไข,อุปกรณ์กลับด้าน
04/03/2025,,BUA1214A,SB24D,1,ชิ้น,,SMT,กำลังแก้ไข,PWBเป็นรอย
04/03/2025,,3V00_DRL,SB25D,5,ชิ้น,,SMT,กำลังแก้ไข,อุปกรณ์ตั้ง
04/03/2025,,PNL1288,SC01D,1,ชิ้น,,SMT,กำลังแก้ไข,อุปกรณ์ขาลอย
04/03/2025,,PNL1288,SC01N,1,ชิ้น,,SMT,กำลังแก้ไข,อุปกรณ์ขาลอย
04/03/2025,,PNL1288,SB27D,4,ชิ้น,,SMT,กำลังแก้ไข,อุปกรณ์เลื่อน
04/03/2025,,PNL1288,SB26N,4,ชิ้น,,SMT,กำลังแก้ไข,อุปกรณ์เลื่อน
04/03/2025,,PNL1334,SB28N,1,ชิ้น,,SMT,กำลังแก้ไข,อุปกรณ์ตะแคง
04/03/2025,,PNL1334,SB28N,1,ชิ้น,,SMT,กำลังแก้ไข,ไม่ติดอุปกรณ์
04/03/2025,,D92 HI,SB21D,1,ชิ้น,,SMT,กำลังแก้ไข,อุปกรณ์แตก
04/03/2025,,TYA_A531,SC02D,11,ชิ้น,,SMT,กำลังแก้ไข,อุปกรณ์ขาลอย
04/03/2025,,T24_T713_D9,SC01D,1,ชิ้น,,SMT,กำลังแก้ไข,สิ่งแปลกปลอม
05/03/2025,,3A0A_LID_LH_WT,SC03D,1,ชิ้น,,SMT,กำลังแก้ไข,ไม่มีอุปกรณ์
05/03/2025,,4P00_BI,SC04D,1,ชิ้น,,SMT,กำลังแก้ไข,อุปกรณ์เลื่อน
05/03/2025,,TLAA_FR_FOG,SB27N,3,ชิ้น,,SMT,กำลังแก้ไข,ตะกั่วไม่ขึ้นขาอุปกรณ์
05/03/2025,,U60A,SC04D,1,ชิ้น,,SMT,กำลังแก้ไข,อุปกรณ์ตะแคง
05/03/2025,,TLAA_RC,SA28D,1,ชิ้น,,SMT,กำลังแก้ไข,ไม่มีอุปกรณ์
05/03/2025,,KMV6-A1,SC03D,1,ชิ้น,,SMT,กำลังแก้ไข,อุปกรณ์เลื่อน
05/03/2025,,KMV6-A1,SC03D,1,ชิ้น,,SMT,กำลังแก้ไข,อุปกรณ์ลอย
05/03/2025,,3N0_U230,SC04D,1,ชิ้น,,SMT,กำลังแก้ไข,อุปกรณ์เลื่อน
06/03/2025,,K58M,SB27N,2,ชิ้น,,SMT,กำลังแก้ไข,อุปกรณ์เลื่อน
06/03/2025,,K58M,SC01D,4,ชิ้น,,SMT,กำลังแก้ไข,อุปกรณ์เลื่อน
06/03/2025,,RJ08_RC,SC03N,2,ชิ้น,,SMT,กำลังแก้ไข,อุปกรณ์เลื่อน
06/03/2025,,K1ZT_HL,SC05D,1,ชิ้น,,SMT,กำลังแก้ไข,อุปกรณ์เลื่อน
06/03/2025,,3M0A,SC05D,1,ชิ้น,,SMT,กำลังแก้ไข,อุปกรณ์ตั้ง
06/03/2025,,K1ZT_RCL,SC05D,1,ชิ้น,,SMT,กำลังแก้ไข,ตะกั่วไม่ขึ้นขาอุปกรณ์
06/03/2025,,K2FR,SB24N,1,ชิ้น,,SMT,กำลังแก้ไข,อุปกรณ์เลื่อน
06/03/2025,,K58M,SC01D,4,ชิ้น,,SMT,กำลังแก้ไข,LEDกลับด้าน
06/03/2025,,3C0_P410,SC05D,3,ชิ้น,,SMT,กำลังแก้ไข,อุปกรณ์เลื่อน
06/03/2025,,3M6_M510,SC04N,1,ชิ้น,,SMT,กำลังแก้ไข,ไม่มีอุปกรณ์
06/03/2025,,3M6_M510,SC04N,1,ชิ้น,,SMT,กำลังแก้ไข,อุปกรณ์เลื่อน
06/03/2025,,T00_P711,SC04N,1,ชิ้น,,SMT,กำลังแก้ไข,อุปกรณ์แตก
06/03/2025,,TYA_A431,SC04N,1,ชิ้น,,SMT,กำลังแก้ไข,ขาเสียรูป
07/03/2025,,655B_RCL,SC04N,1,ชิ้น,,SMT,กำลังแก้ไข,อุปกรณ์เลื่อน
07/03/2025,,655B,SC01N,1,ชิ้น,,SMT,กำลังแก้ไข,อุปกรณ์เลื่อน
07/03/2025,,T98_HL,SC04N,1,ชิ้น,,SMT,กำลังแก้ไข,สิ่งแปลกปลอมฟลั๊กหยด
07/03/2025,,3M0A,SC05N,1,ชิ้น,,SMT,กำลังแก้ไข,อุปกรณ์เลื่อน
07/03/2025,,3M0A,SC05N,1,ชิ้น,,SMT,กำลังแก้ไข,อุปกรณ์ตั้ง
07/03/2025,,655B_LID_,SC03N,1,ชิ้น,,SMT,กำลังแก้ไข,อุปกรณ์เลื่อน
07/03/2025,,655B_LID_,SB26N,1,ชิ้น,,SMT,กำลังแก้ไข,ตะกั่วเยอะ
07/03/2025,,640,SC01N,1,ชิ้น,,SMT,กำลังแก้ไข,อุปกรณ์ตั้ง
07/03/2025,,PNL1334,SB28N,1,ชิ้น,,SMT,กำลังแก้ไข,อุปกรณ์ตะแคง
10/03/2025,,RJ08_FT,SC06N,2,ชิ้น,,SMT,กำลังแก้ไข,ไม่มีอุปกรณ์
10/03/2025,,RJ08_RCL_CN,SC06N,1,ชิ้น,,SMT,กำลังแก้ไข,ไม่มีอุปกรณ์
10/03/2025,,K2VH_DRV_8EB,SC06N,1,ชิ้น,,SMT,กำลังแก้ไข,อุปกรณ์กลัยขั้ว
10/03/2025,,RJ08_RCL_CN,SC06N,3,ชิ้น,,SMT,กำลังแก้ไข,อุปกรณ์กลับด้าน
10/03/2025,,3M0A_FT_19,SC05D,2,ชิ้น,,SMT,กำลังแก้ไข,ไม่มีอุปกรณ์
10/03/2025,,K2VH_27,SC05N,6,ชิ้น,,SMT,กำลังแก้ไข,ไม่มีอุปกรณ์
10/03/2025,,K1ZT_RCL,SC08N,1,ชิ้น,,SMT,กำลังแก้ไข,อุปกรณ์เลื่อน
10/03/2025,,PNL1295,SC06N,1,ชิ้น,,SMT,กำลังแก้ไข,อุปกรณ์ลอย
10/03/2025,,PNL1288,SC05D,1,ชิ้น,,SMT,กำลังแก้ไข,อุปกรณ์ตะกั่วน้อย
10/03/2025,,PNL1288,SC06D,2,ชิ้น,,SMT,กำลังแก้ไข,อุปกรณ์เชื่อม
10/03/2025,,PNL1295,SC03N,2,ชิ้น,,SMT,กำลังแก้ไข,อุปกรณ์แตก
10/03/2025,,PNL1288,SC06D,1,ชิ้น,,SMT,กำลังแก้ไข,ไม่มีอุปกรณ์
10/03/2025,,PNL1287,SC01D,1,ชิ้น,,SMT,กำลังแก้ไข,อุปกรณ์บิ่น 
10/03/2025,,PNL1288,SC06,2,ชิ้น,,SMT,กำลังแก้ไข,อุปกรณ์แตก
10/03/2025,,PNL1295,SC06D,1,ชิ้น,,SMT,กำลังแก้ไข,ไม่มีอุปกรณ์
10/03/2025,,H60_RC,SC07D,1,ชิ้น,,SMT,กำลังแก้ไข,อุปกรณ์เลื่อน
10/03/2025,,3M0A_RC_L,SC03D,1,ชิ้น,,SMT,กำลังแก้ไข,อุปกรณ์แตก
10/03/2025,,4P00_BI,SC06D,2,ชิ้น,,SMT,กำลังแก้ไข,อุปกรณ์เลื่อน/ไม่ติดอุปกรณ์
10/03/2025,,3V00,SC05N,1,ชิ้น,,SMT,กำลังแก้ไข,อุปกรณ์ตั่วไม่ขึ้นขา
10/03/2025,,3V00,SC05N,3,ชิ้น,,SMT,กำลังแก้ไข,อุปกรณ์ตั่วไม่ขึ้นขา
10/03/2025,,3V00,SC05N,3,ชิ้น,,SMT,กำลังแก้ไข,อุปกรณ์ตะแคง
10/03/2025,,3P0A_LID_LH,SC06N,5,ชิ้น,,SMT,กำลังแก้ไข,อุปกรณ์บิ่น/ลวดงอ
10/03/2025,,T0AX,SC05N,3,ชิ้น,,SMT,กำลังแก้ไข,อุปกรณ์กลับด้าน/เลื่อน
10/03/2025,,5F00 ,SC06N,1,ชิ้น,,SMT,กำลังแก้ไข,ไม่มีอุปกรณ์
10/03/2025,,J30_A2,SC06N,1,ชิ้น,,SMT,กำลังแก้ไข,อุปกรณ์ลอย
10/03/2025,,T08-K631,SC07D,1,ชิ้น,,SMT,กำลังแก้ไข,อุปกรณ์ตกลาย
10/03/2025,,TYB_A931,SC07D,1,ชิ้น,,SMT,กำลังแก้ไข,อุปกรณ์ตะกี่วเชื่อม
10/03/2025,,3M6_M510,SC04N,1,ชิ้น,,SMT,กำลังแก้ไข,อุปกรณ์ตะแคง
10/03/2025,,KMV6-A1,SC04D,1,ชิ้น,,SMT,กำลังแก้ไข,อุปกรณ์เลื่อน
10/03/2025,,T56-C310,SC01D,1,ชิ้น,,SMT,กำลังแก้ไข,อุปกรณ์กลับด้าน
10/03/2025,,3N0-U230,SC04D,1,ชิ้น,,SMT,กำลังแก้ไข,อุปกรณ์แตก
10/03/2025,,J30-A2,SC06N,2,ชิ้น,,SMT,กำลังแก้ไข,อุปกรณ์เลื่อน
10/03/2025,,3M1-P111,SC08D,1,ชิ้น,,SMT,กำลังแก้ไข,สิ่งแปลกปลอม
11/03/2025,,K1ZT_RCL,SC10N,2,ชิ้น,,SMT,กำลังแก้ไข,อุปกรณ์เลื่อน
11/03/2025,,3M0A,SC07N,1,ชิ้น,,SMT,กำลังแก้ไข,อุปกรณ์ตั้ง
11/03/2025,,3M0A,SC10N,1,ชิ้น,,SMT,กำลังแก้ไข,อุปกรณ์เลื่อน
11/03/2025,,3M0A,SC10N,1,ชิ้น,,SMT,กำลังแก้ไข,อุปกรณ์ตั้ง
11/03/2025,,3M0A,SC10N,1,ชิ้น,,SMT,กำลังแก้ไข,อุปกรณ์เลื่อน
11/03/2025,,D92 HI RH,SC10D,2,ชิ้น,,SMT,กำลังแก้ไข,อุปกรณ์บิ่น/เลื่อน
11/03/2025,,D92_HI_LH,SC10D,1,ชิ้น,,SMT,กำลังแก้ไข,อุปกรณ์บิ่น
11/03/2025,,D92_HI_LH,SC10N,2,ชิ้น,,SMT,กำลังแก้ไข,อุปกรณ์แตก
11/03/2025,,4P00_BI,SC08N,1,ชิ้น,,SMT,กำลังแก้ไข,ตะกั่วเป็นเขา
11/03/2025,,4P00_BI,SC08N,1,ชิ้น,,SMT,กำลังแก้ไข,ตะกั่วเชื่อมขาอุปกรณ์
11/03/2025,,TLAA,SC10D,1,ชิ้น,,SMT,กำลังแก้ไข,ตะกั่วเชื่อมขาอุปกรณ์
11/03/2025,,TLAA,SC10D,2,ชิ้น,,SMT,กำลังแก้ไข,ไม่มัอุปกรณ์
11/03/2025,,TLAA,SC10D,2,ชิ้น,,SMT,กำลังแก้ไข,ตะกั่วไม่ขึ้นขาอุปกรณ์
11/03/2025,,T20A_FCL,SC7N,1,ชิ้น,,SMT,กำลังแก้ไข,อุปกรณ์กลับด้าน
11/03/2025,,PNL1288,SC07N,1,ชิ้น,,SMT,กำลังแก้ไข,ตะกั่วเชื่อมขาอุปกรณ์
11/03/2025,,PNL1217A,SC10D,2,ชิ้น,,SMT,กำลังแก้ไข,อุปกรณ์บิ่น
11/03/2025,,PNL1287,SC10D,1,ชิ้น,,SMT,กำลังแก้ไข,อุปกรณ์ไม่มี
11/03/2025,,PNL1334,SC08D,1,ชิ้น,,SMT,กำลังแก้ไข,อุปกรณ์กลับด้าน
11/03/2025,,PNL1334,SC08D,1,ชิ้น,,SMT,กำลังแก้ไข,ไม่มีอุปกรณ์
11/03/2025,,PNL1295,SC08N,1,ชิ้น,,SMT,กำลังแก้ไข,อุปกรณ์ลอย
11/03/2025,,3L6-M739,SC10D,1,ชิ้น,,SMT,กำลังแก้ไข,อุปกรณ์แตก
11/03/2025,,T08-K631,SC08D,1,ชิ้น,,SMT,กำลังแก้ไข,ไม่มีอุปกรณ์
11/03/2025,,T08-K631,SC08D,1,ชิ้น,,SMT,กำลังแก้ไข,ไม่มีอุปกรณ์
11/03/2025,,T31-H212,SC08D,1,ชิ้น,,SMT,กำลังแก้ไข,ตะกั่วไม่ขึ้นขาอุปกรณ์
11/03/2025,,HUMIDITY,SC05,1,ชิ้น,,SMT,กำลังแก้ไข,สิ่งแปลกปลอม
11/03/2025,,TVA-A012,SC05D,1,ชิ้น,,SMT,กำลังแก้ไข,อุปกรณ์ตั้ง
11/03/2025,,TYAW-A731,SC10N,1,ชิ้น,,SMT,กำลังแก้ไข,PWB เลเซอร์ไม่อ่านโค้ด
12/03/2025,,K2VH_S15027D,SC11N,2,ชิ้น,,SMT,กำลังแก้ไข,ไม่มีอุปกรณ์
12/03/2025,,K59K,SC11D,1,ชิ้น,,SMT,กำลังแก้ไข,อุปกรณ์กลับด้าน
12/03/2025,,K59K,SC11D,1,ชิ้น,,SMT,กำลังแก้ไข,อุปกรณ์ตะแคง
12/03/2025,,LSC01_HL,SC08D,3,ชิ้น,,SMT,กำลังแก้ไข,อุปกรณ์เลื่อน
12/03/2025,,K2SF_FT_PO,SC10N,1,ชิ้น,,SMT,กำลังแก้ไข,อุปกรณ์เลื่อน
12/03/2025,,3L6_M810,SC11D,2,ชิ้น,,SMT,กำลังแก้ไข,อุปกรณ์ขาลอย
12/03/2025,,TYA_A531,SC10N,1,ชิ้น,,SMT,กำลังแก้ไข,อุปกรณ์เลื่อน
12/03/2025,,3V00,SC08N,7,ชิ้น,,SMT,กำลังแก้ไข,อุปกรณ์ตั้ง
12/03/2025,,4P00_BI,SC11D,1,ชิ้น,,SMT,กำลังแก้ไข,อุปกรณ์เลื่อน
12/03/2025,,4P00_BI,SC11D,1,ชิ้น,,SMT,กำลังแก้ไข,อุปกรณ์ขาลอย
12/03/2025,,3V00,SC08N,2,ชิ้น,,SMT,กำลังแก้ไข,อุปกรณ์กลับด้าน
13/03/2025,,3V00,SC11N,9,ชิ้น,,SMT,กำลังแก้ไข,อุปกรณ์ตะแคง
13/03/2025,,3V00,SC11N,12,ชิ้น,,SMT,กำลังแก้ไข,อุปกรณ์ตะแคง
13/03/2025,,T20A_RC32,SC11N,1,ชิ้น,,SMT,กำลังแก้ไข,อุปกรณ์กลับด้าน
13/03/2025,,3V00,SC12D,1,ชิ้น,,SMT,กำลังแก้ไข,ตะกั่วไม่ขึ้นขาอุปกรณ์
13/03/2025,,20MY,SC11D,1,ชิ้น,,SMT,กำลังแก้ไข,อุปกรณ์เลื่อน
13/03/2025,,T20A_RC32,SC11D,1,ชิ้น,,SMT,กำลังแก้ไข,ตะกั่วน้อย
13/03/2025,,BUA1801A-170,SC07D,2,ชิ้น,,SMT,กำลังแก้ไข,อุปกรณ์แตก
13/03/2025,,D92 LO,SC12D,1,ชิ้น,,SMT,กำลังแก้ไข,อุปกรณ์แตก
13/03/2025,,PNL1334,SC08D,1,ชิ้น,,SMT,กำลังแก้ไข,อุปกรณ์แตก
13/03/2025,,PNL1288C,SC08D,1,ชิ้น,,SMT,กำลังแก้ไข,อุปกรณ์แตก
13/03/2025,,PNL1295,SC08N,1,ชิ้น,,SMT,กำลังแก้ไข,อุปกรณ์ตะกั่วไม่ขึ้นขา
13/03/2025,,PNL1295,SC08N,2,ชิ้น,,SMT,กำลังแก้ไข,อุปกรณ์ตะกั่วเชื่อม
13/03/2025,,PNL1288,SC10N,1,ชิ้น,,SMT,กำลังแก้ไข,อุปกรณ์แตก
13/03/2025,,TSC_K112,SC12D,1,ชิ้น,,SMT,กำลังแก้ไข,อุปกรณ์กลับด้าน
13/03/2025,,T04_M513,SC11D,1,ชิ้น,,SMT,กำลังแก้ไข,ไม่มีอปกรณ์
13/03/2025,,T22-A313,SC08D,1,ชิ้น,,SMT,กำลังแก้ไข,มีสิ่งแปลกปลอม
14/03/2025,,H60_RC_RH,SC12N,1,ชิ้น,,SMT,กำลังแก้ไข,ตะกั่วไม่ขึนขาอุปกรณ์
14/03/2025,,TLAA,SC13D,4,ชิ้น,,SMT,กำลังแก้ไข,ตะกั่วไม่ขึ้นขาอุปกรณ์
14/03/2025,,T20A_31,SC11N,4,ชิ้น,,SMT,กำลังแก้ไข,อุปกรณ์กลับด้าน
14/03/2025,,20MY_RC_15516,SC12N,1,ชิ้น,,SMT,กำลังแก้ไข,ไม่ติดอุปกรณ์
14/03/2025,,D92_HI_LH,SC10N,1,ชิ้น,,SMT,กำลังแก้ไข,อุปกรณ์เลื่อน
14/03/2025,,D92_HI_RH,SC10N,1,ชิ้น,,SMT,กำลังแก้ไข,อุปกรณิ์บิ่น
14/03/2025,,3M0A_LO_HI,SC13D,1,ชิ้น,,SMT,กำลังแก้ไข,อุปกรณ์ตั้ง
14/03/2025,,3M0A_LO_HI,SC13D,2,ชิ้น,,SMT,กำลังแก้ไข,ตะกั่วไม่ขึ้นขาอุปกรณ์/เลื่อน
14/03/2025,,K1ZT_RCL,SC12D,1,ชิ้น,,SMT,กำลังแก้ไข,อุปกรณ์เลื่อน
14/03/2025,,K58M,SC11D,1,ชิ้น,,SMT,กำลังแก้ไข,อุปกรณ์กลับด้าน
14/03/2025,,K2FR,SC11D,1,ชิ้น,,SMT,กำลังแก้ไข,อุปกรณ์ตกลาย
14/03/2025,,K3MF _TL,SC08N,1,ชิ้น,,SMT,กำลังแก้ไข,อุปกรณืไม่ครบ
14/03/2025,,RJ08,SC10N,1,ชิ้น,,SMT,กำลังแก้ไข,อุปกรณ์กลับขั้ว
14/03/2025,,K2VH,SC13D,1,ชิ้น,,SMT,กำลังแก้ไข,อุปกรณ์เลื่อน
14/03/2025,,2TP,SC10D,1,ชิ้น,,SMT,กำลังแก้ไข,ไม่มีอุปกรณ์
14/03/2025,,2TP,SC10D,4,ชิ้น,,SMT,กำลังแก้ไข,อุปกรณ์ตั้ง
14/03/2025,,K2VH,SC11N,2,ชิ้น,,SMT,กำลังแก้ไข,ไม่มีอุปกรณ์
14/03/2025,,K2VH,SC12D,3,ชิ้น,,SMT,กำลังแก้ไข,ไม่มีอุปกรณ์
17/03/2025,,T20A_31,SC11N,1,ชิ้น,,SMT,กำลังแก้ไข,อุปกรณ์เลื่อน
17/03/2025,,3M0A_LO_HI,SC15D,3,ชิ้น,,SMT,กำลังแก้ไข,อุปกรณ์เลื่อน
17/03/2025,,PNL1295,SC12N,1,ชิ้น,,SMT,กำลังแก้ไข,อุปกรณ์ขาลอย
17/03/2025,,30B-A810,SC13N,1,ชิ้น,,SMT,กำลังแก้ไข,อุปกรณ์แตก
17/03/2025,,K1ZT_HL,SC15D,1,ชิ้น,,SMT,กำลังแก้ไข,อุปกรณ์แตก
18/03/2025,,4P00_BI,SC15N,2,ชิ้น,,SMT,กำลังแก้ไข,อุปกรณ์เลื่อน
18/03/2025,,K3MF,SC15D,1,ชิ้น,,SMT,กำลังแก้ไข,ตะกั่วไม่ขึ้นขา
18/03/2025,,BUA1801A-100,SC14N,1,ชิ้น,,SMT,กำลังแก้ไข,อุปกรณ์เป็นรู
18/03/2025,,H60_RC,SC12N,1,ชิ้น,,SMT,กำลังแก้ไข,อุปกรณ์เลื่อน
18/03/2025,,H60_RC,SC12N,1,ชิ้น,,SMT,กำลังแก้ไข,อุปกรณ์แตก
18/03/2025,,H60_RC,SC12N,1,ชิ้น,,SMT,กำลังแก้ไข,เส้นทองในอุปกรณ์เสียรูป
18/03/2025,,3M6-M510,SC17D,1,ชิ้น,,SMT,กำลังแก้ไข,ไม่มีอุปกรณ์
18/03/2025,,T31-H212,SC13D,1,ชิ้น,,SMT,กำลังแก้ไข,อุปกรณ์ตะกั่วน้อย
18/03/2025,,PNL_1295,SC15N,6,ชิ้น,,SMT,กำลังแก้ไข,"อุปกรณ์เชื่อม,ตะกั่วไม่ขึ้นขา"
18/03/2025,,20MY_DRL,SC14D,1,ชิ้น,,SMT,กำลังแก้ไข,อุปกรณ์กลับด้าน
18/03/2025,,D92A_LO_G,SC10N,2,ชิ้น,,SMT,กำลังแก้ไข,อุปกรณ์บิ่น
19/03/2025,,BUA1802A,SC18N,1,ชิ้น,,SMT,กำลังแก้ไข,ไม่มีอุปกรณ์
19/03/2025,,4P00_BI,SC15N,1,ชิ้น,,SMT,กำลังแก้ไข,อุปกรณ์แตกร้าว
19/03/2025,,20MY_ROG,SC14N,1,ชิ้น,,SMT,กำลังแก้ไข,อุปกรณ์ขาลอย
19/03/2025,,T20RR_FOG,SC17D,5,ชิ้น,,SMT,กำลังแก้ไข,เส้นทองในอุปกรณ์เสียรูป
19/03/2025,,PNL1288,SC18N,1,ชิ้น,,SMT,กำลังแก้ไข,อุปกรณ์เลื่อน
19/03/2025,,D92_HI,SC12N,4,ชิ้น,,SMT,กำลังแก้ไข,อุปกรณ์บิ่น
19/03/2025,,3V00,SC14D,5,ชิ้น,,SMT,กำลังแก้ไข,ตะกั่วไม่ขึ้นขาอุปกรณ์
19/03/2025,,PNl1288,SC15D,1,ชิ้น,,SMT,กำลังแก้ไข,อุปกรณ์ร้าว
19/03/2025,,PNL1288,SC13D,1,ชิ้น,,SMT,กำลังแก้ไข,อุปกรณ์เชื่อม
19/03/2025,,PNL1295,SC15N,1,ชิ้น,,SMT,กำลังแก้ไข,อุปกรณ์แตก
19/03/2025,,4P00_BI,SC15N,7,ชิ้น,,SMT,กำลังแก้ไข,อุปกรณ์เชื่อม
19/03/2025,,PNL1295,SC15N,1,ชิ้น,,SMT,กำลังแก้ไข,อุปกรณ์ลอย
19/03/2025,,PNL1295,SC15N,1,ชิ้น,,SMT,กำลังแก้ไข,ตะกั่วไม่ขึ้นขา
19/03/2025,,PNL1288,SC14D,1,ชิ้น,,SMT,กำลังแก้ไข,อุปกรณ์ร้าว
19/03/2025,,4P00_BI,SC15N,1,ชิ้น,,SMT,กำลังแก้ไข,ไม่มีอุปกรณ์
19/03/2025,,3P0A_LID_RH,SC14N,1,ชิ้น,,SMT,กำลังแก้ไข,เส้นทองในอุปกรณ์เสียรูป
19/03/2025,,3V00,SC14D,1,ชิ้น,,SMT,กำลังแก้ไข,ตะกั่วเยอะ
19/03/2025,,1288,SC13D,1,ชิ้น,,SMT,กำลังแก้ไข,อุปกรณ์แตก
19/03/2025,,BUA1801A-100,SC18D,2,ชิ้น,,SMT,กำลังแก้ไข,อุปกรณ์บิ่น
19/03/2025,,k2FR,SC15N,1,ชิ้น,,SMT,กำลังแก้ไข,ชิ้นส่วนวางไม่ดี
19/03/2025,,K1ZT,SC17N,1,ชิ้น,,SMT,กำลังแก้ไข,อุปกรณ์เลื่อน
19/03/2025,,K2SF_TL,SC15N,3,ชิ้น,,SMT,กำลังแก้ไข,อุปกรณ์เลื่อน
19/03/2025,,K1ZT,SC13N,1,ชิ้น,,SMT,กำลังแก้ไข,อุปกรณ์เลื่อน
19/03/2025,,K73L,SC17N,1,ชิ้น,,SMT,กำลังแก้ไข,อุปกรณ์เลื่อน
19/03/2025,,K2VH,SC17D,1,ชิ้น,,SMT,กำลังแก้ไข,อุปกรณ์เลื่อน
19/03/2025,,K2FR,SC15N,6,ชิ้น,,SMT,กำลังแก้ไข,อุปกรณ์กลับขั้ว
19/03/2025,,K2SF_LO_HI,SC13D,1,ชิ้น,,SMT,กำลังแก้ไข,อุปกรณ์ขาลอย
19/03/2025,,RJ08,SC14N,2,ชิ้น,,SMT,กำลังแก้ไข,ไม่ติดอุปกรณ์
19/03/2025,,RJ08_RC,SC14N,1,ชิ้น,,SMT,กำลังแก้ไข,อุปกรณ์วางไม่ดี
20/03/2025,,3M0A,SC19D,1,ชิ้น,,SMT,กำลังแก้ไข,ไม่มีอุปกรณ์
20/03/2025,,BUA1802A_110,SC19N,1,ชิ้น,,SMT,กำลังแก้ไข,อุปกรณ์เป็ยรอย
20/03/2025,,K3MF,SC17N,1,ชิ้น,,SMT,กำลังแก้ไข,อุปกรณ์ตั้ง
20/03/2025,,4P00_BI,SC18N,1,ชิ้น,,SMT,กำลังแก้ไข,อุปปกรณ์เลื่อน
20/03/2025,,3A0A ,SC13N,1,ชิ้น,,SMT,กำลังแก้ไข,อุปกรณ์แตก
20/03/2025,,4P00_BI,SC18N,1,ชิ้น,,SMT,กำลังแก้ไข,อุปกรณ์เชื่อม
21/03/2025,,PNL1288,SC20D,1,ชิ้น,,SMT,กำลังแก้ไข,ตะกั่วน้อย
21/03/2025,,PNL1288,SC15D,1,ชิ้น,,SMT,กำลังแก้ไข,อุปกรณ์แตก
21/03/2025,,D92_HI_RH,SC18N,5,ชิ้น,,SMT,กำลังแก้ไข,อุปกรณ์บิ่น
21/03/2025,,3V00_DRL,SC14D,1,ชิ้น,,SMT,กำลังแก้ไข,อุปกรณ์ตะกั่วไม่ขึ้นขา
21/03/2025,,4P00_BI,SC18N,1,ชิ้น,,SMT,กำลังแก้ไข,อุปกรณ์ตะกั่วไม่ขึ้นขา
21/03/2025,,K1ZT,SC20D,1,ชิ้น,,SMT,กำลังแก้ไข,สิ่งแปลกปลอม
21/03/2025,,3M0A_LO_HI,SC20N,6,ชิ้น,,SMT,กำลังแก้ไข,อุปกรณ์เลื่อน
21/03/2025,,K1ZT,SC20D,2,ชิ้น,,SMT,กำลังแก้ไข,ตะกั่วไม่ขึ้นขา
21/03/2025,,PNL1287,SC13N,1,ชิ้น,,SMT,กำลังแก้ไข,PWBเป็นรอยจากการตัด
21/03/2025,,PNL1288,SC18N,1,ชิ้น,,SMT,กำลังแก้ไข,อุปกรณ์แตก
21/03/2025,,PNL1295,SC18D,1,ชิ้น,,SMT,กำลังแก้ไข,อุปกรณ์ตะกั่วไม่ขึ้นขา
21/03/2025,,PNL1288,SC18D,5,ชิ้น,,SMT,กำลังแก้ไข,อุปกรณ์เลื่อน
21/03/2025,,BUA1214 ,SC18D,จำนวนมาก,ชิ้น,,SMT,กำลังแก้ไข,อุปกรณ์เลื่อน/ไม่ติดอุปกรณ์
21/03/2025,,T08_K423,SC19D,1,ชิ้น,,SMT,กำลังแก้ไข,อุปกรณ์ตะกั่วไม่ขึ้นขา
21/03/2025,,31A_A110,SC19N,2,ชิ้น,,SMT,กำลังแก้ไข,ไม่มีอุปกรณ์
21/03/2025,,THR_A312,SC18D,1,ชิ้น,,SMT,กำลังแก้ไข,อุปกรณ์ลอย
21/03/2025,,3N0_G230,SC19D,1,ชิ้น,,SMT,กำลังแก้ไข,อุปกรณืขาเสียรูป
21/03/2025,,3N0_G230,SC19D,1,ชิ้น,,SMT,กำลังแก้ไข,อุปกรณ์ตะกั่วน้อย
21/03/2025,,3N0_G230,SC19D,1,ชิ้น,,SMT,กำลังแก้ไข,อุปกรณ์ลอย
24/03/2025,,PNL1288,SC18N,1,ชิ้น,,SMT,กำลังแก้ไข,อุปกรณ์แตก
24/03/2025,,PNL1288,SC20D,1,ชิ้น,,SMT,กำลังแก้ไข,อุปกรณ์แตก
24/03/2025,,PNL1295,SC20N,1,ชิ้น,,SMT,กำลังแก้ไข,อุปกรณ์ตะแคง
24/03/2025,,2SVRR_FOG,SC12D,2,ชิ้น,,SMT,กำลังแก้ไข,อุปกรณ์แตก
24/03/2025,,PNL1295,SC18D,1,ชิ้น,,SMT,กำลังแก้ไข,ตะกั่วไม่ขึ้นขาอุปกรณ์
24/03/2025,,PNL1295,SC18D,1,ชิ้น,,SMT,กำลังแก้ไข,อุปกรณ์ขาลอย
24/03/2025,,PNL1288,SC20D,1,ชิ้น,,SMT,กำลังแก้ไข,อุปกรณ์ร้าว
24/03/2025,,PNL1288,SC19D,1,ชิ้น,,SMT,กำลังแก้ไข,อุปกรณ์เลื่อน
24/03/2025,,3P0A_LID,SC14N,2,ชิ้น,,SMT,กำลังแก้ไข,ลวดทองเสียรูป
24/03/2025,,3M0A,SC21D,2,ชิ้น,,SMT,กำลังแก้ไข,อุปกรณ์ตั้ง
24/03/2025,,K3MF_HL,SC20D,1,ชิ้น,,SMT,กำลังแก้ไข,อุปกรณ์ตะกั่วไม่ขึ้นขา
24/03/2025,,H60_PC_PH,SC19N,1,ชิ้น,,SMT,กำลังแก้ไข,อุปกรณ์แตก
24/03/2025,,H60_RC,SC21D,2,ชิ้น,,SMT,กำลังแก้ไข,อุปกรณ์เลื่อน
25/03/2025,,3M0A_LO_HI,SC24N,3,ชิ้น,,SMT,กำลังแก้ไข,อุปกรณ์เลื่อน
25/03/2025,,K1ZT_HL,SC24N,2,ชิ้น,,SMT,กำลังแก้ไข,ไม่มีอุปกรณ์
25/03/2025,,1288C,SC20D,2,ชิ้น,,SMT,กำลังแก้ไข,อุปกรณ์แตก
25/03/2025,,3M0A_LO_HI,SC24N,2,ชิ้น,,SMT,กำลังแก้ไข,อุปกรณ์ตั้ง
25/03/2025,,PNL1334,SC14N,1,ชิ้น,,SMT,กำลังแก้ไข,อุปกรณ์กลับด้าน
25/03/2025,,D92_HI_RH,SC20D,2,ชิ้น,,SMT,กำลังแก้ไข,อุปกรณ์บิ่น
26/03/2025,,3V00_DRL,SC22N,1,ชิ้น,,SMT,กำลังแก้ไข,อุปกรณ์ขาลอย
26/03/2025,,20MY_FOG,SC21N,1,ชิ้น,,SMT,กำลังแก้ไข,อุปกรณ์เลื่อน
26/03/2025,,T20A_FCL,SC24D,1,ชิ้น,,SMT,กำลังแก้ไข,ตะกั่วไม่ขึ้นขาอุปกรณ์
26/03/2025,,T20A_RC31,SC17N,1,ชิ้น,,SMT,กำลังแก้ไข,ไม่มีอุปกรณ์
26/03/2025,,BUA1801B_100,SC22N,1,ชิ้น,,SMT,กำลังแก้ไข,อุปกรณ์เป็นลอย
26/03/2025,,H60_DRL,SC20D,1,ชิ้น,,SMT,กำลังแก้ไข,อุปกรณ์ตั้ง
26/03/2025,,PNL1295,SC22N,3,ชิ้น,,SMT,กำลังแก้ไข,อุปกรณ์ตะแคง
26/03/2025,,PNL1295,SC22N,1,ชิ้น,,SMT,กำลังแก้ไข,ไม่มีอุปกรณ์
26/03/2025,,PNL1288C,SC24,1,ชิ้น,,SMT,กำลังแก้ไข,อุปกรณ์แตก
26/03/2025,,PNL1288C,SC24D,1,ชิ้น,,SMT,กำลังแก้ไข,อุปกรณ์เชื่อม
26/03/2025,,PNL1288,SC24D,1,ชิ้น,,SMT,กำลังแก้ไข,อุปกรณ์กลับด้าน
26/03/2025,,PNL1288,SC24D,2,ชิ้น,,SMT,กำลังแก้ไข,อุปกรณ์เลื่อน
26/03/2025,,3M0A_FT_19,SC14N,6,ชิ้น,,SMT,กำลังแก้ไข,ไม่มีอุปกรณ์
26/03/2025,,K2SF_TL,SC18N,1,ชิ้น,,SMT,กำลังแก้ไข,อุปกรณ์กลับด้าน
26/03/2025,,K2FT,SC20N,1,ชิ้น,,SMT,กำลังแก้ไข,อุปกรณ์เลื่อน
26/03/2025,,K87H,SC18D,2,ชิ้น,,SMT,กำลังแก้ไข,ไม่มีอุปกรณ์
26/03/2025,,3M0A_LO_HI,SC25N,14,ชิ้น,,SMT,กำลังแก้ไข,อุปกรณ์เลื่อน
26/03/2025,,3M0A_LO_HI,SC25N,1,ชิ้น,,SMT,กำลังแก้ไข,อุปกรณ์เลื่อน
26/03/2025,,K2VH,SC21D,1,ชิ้น,,SMT,กำลังแก้ไข,อุปกรณ์ตะกั่วน้อย
26/03/2025,,K2VH,SC21D,1,ชิ้น,,SMT,กำลังแก้ไข,อุปกรณ์เลื่อน
27/03/2025,,D92_LO_HI_LH,SC26D,2,ชิ้น,,SMT,กำลังแก้ไข,อุปกรณ์ตั้ง
27/03/2025,,20MY_FCL,SC26N,3,ชิ้น,,SMT,กำลังแก้ไข,ไม่มีอุปกรณ์
27/03/2025,,BUA1801B,SC24N,1,ชิ้น,,SMT,กำลังแก้ไข,อุปกรณ์บิ่น
27/03/2025,,D92_HI,SC24N,1,ชิ้น,,SMT,กำลังแก้ไข,อุปกรณ์แตก
27/03/2025,,BUA1213,SC25D,5,ชิ้น,,SMT,กำลังแก้ไข,ไม่ติดอุปกรณ์
27/03/2025,,BUA1213,SC25D,5,ชิ้น,,SMT,กำลังแก้ไข,ไม่ติดอุปกรณ์
27/03/2025,,2TP,SC22D,,ชิ้น,,SMT,กำลังแก้ไข,สิ่งแปลกปลอม
27/03/2025,,3M0A_LO_HI,SC26N,3,ชิ้น,,SMT,กำลังแก้ไข,อุปกรณ์เลื่อน
27/03/2025,,3M0A_LO_HI,SC26N,1,ชิ้น,,SMT,กำลังแก้ไข,อุปกรณ์เลื่อน
28/03/2025,,K2SF_TL,SC25N,1,ชิ้น,,SMT,กำลังแก้ไข,เศษผงในอุปกรณ์
28/03/2025,,K1ZT_HL,SC25D,1,ชิ้น,,SMT,กำลังแก้ไข,อุปกรณ์เลื่อน
28/03/2025,,RJ08,SC26N,6,ชิ้น,,SMT,กำลังแก้ไข,อุปกรณ์กลับขั้ว
28/03/2025,,RJ08,SC26N,1,ชิ้น,,SMT,กำลังแก้ไข,ไม่ติดอุปกรณ์
28/03/2025,,H60_RC_LH,SC24N,1,ชิ้น,,SMT,กำลังแก้ไข,อุปกรณ์
28/03/2025,,K0GA,SC06N,1,ชิ้น,,SMT,กำลังแก้ไข,อุปกรณ์ตั้ง
28/03/2025,,T20A_31,SC25D,1,ชิ้น,,SMT,กำลังแก้ไข,อุปกรณ์เลื่อน
28/03/2025,,PNL1288,SC27N,1,ชิ้น,,SMT,กำลังแก้ไข,LASERตกกรอบ
28/03/2025,,TLAA-57,SC22D,1,ชิ้น,,SMT,กำลังแก้ไข,ไม่มีอุปกรณ์
28/03/2025,,TLAA-57,SC22D,1,ชิ้น,,SMT,กำลังแก้ไข,ไม่มีอุปกรณ์
28/03/2025,,3M0A,SC27N,10,ชิ้น,,SMT,กำลังแก้ไข,อุปกรณ์ตั้ง
01/04/2025,,D92,SC29D,7,ชิ้น,,SMT,กำลังแก้ไข,อุปกรณ์แตก/บิ่น
01/04/2025,,D92,SC29D,2,ชิ้น,,SMT,กำลังแก้ไข,อุปกรณ์แตก/บิ่น
01/04/2025,,H60_DRL,SC20D,1,ชิ้น,,SMT,กำลังแก้ไข,ตะกั่วเชื่อมขาอุปกรณ์
01/04/2025,,3P0A_LID,SC28N,2,ชิ้น,,SMT,กำลังแก้ไข,สิ่งแปลกปลอม/อุปกรณ์แตก
01/04/2025,,T20FR_FOG,SC27N,1,ชิ้น,,SMT,กำลังแก้ไข,อุปกรณ์เลื่อน
01/04/2025,,TLAA_FR_FOG,SC26N,1,ชิ้น,,SMT,กำลังแก้ไข,อุปกรณ์ตะกั่วไม่ขึ้นขา
01/04/2025,,4P00_BI,SC27N,1,ชิ้น,,SMT,กำลังแก้ไข,ตะกั่วไม่ขึ้นขาอุปกรณ์
01/04/2025,,3V00_DRL,SC27D,2,ชิ้น,,SMT,กำลังแก้ไข,ตะกั่วไม่ขึ้นขา
01/04/2025,,TLAA_RC,SC26D,1,ชิ้น,,SMT,กำลังแก้ไข,อุปกรณ์เลื่อน
02/04/2025,,655B_RCL,SC28D,1,ชิ้น,,SMT,กำลังแก้ไข,ไม่มีอุปกรณ์
02/04/2025,,655B_FCL,SC29D,1,ชิ้น,,SMT,กำลังแก้ไข,อุปกรณ์เลื่อน
02/04/2025,,655B_RCL,SD01N,1,ชิ้น,,SMT,กำลังแก้ไข,อุปกรณ์เชื่อม
02/04/2025,,655B_FCL,SC29D,1,ชิ้น,,SMT,กำลังแก้ไข,สิ่งแปลกปลอม
02/04/2025,,650,SC26N,1,ชิ้น,,SMT,กำลังแก้ไข,อุปกรณ์ตะแคง
02/04/2025,,640,SC29D,1,ชิ้น,,SMT,กำลังแก้ไข,อุปกรณ์ตะแคง
02/04/2025,,655B_FCL,SC27N,1,ชิ้น,,SMT,กำลังแก้ไข,อุปกรณ์เลื่อน
02/04/2025,,K3FA_TL,SC24N,1,ชิ้น,,SMT,กำลังแก้ไข,สิ่งแปลกปลอม
02/04/2025,,3M0A,SD01D,3,ชิ้น,,SMT,กำลังแก้ไข,อุปกรณ์ตั้ง
02/04/2025,,BUA1208,SD01N,1,ชิ้น,,SMT,กำลังแก้ไข,อุปกรณ์เลื่อน
02/04/2025,,3M0A,SD01D,1,ชิ้น,,SMT,กำลังแก้ไข,อุปกรณ์ตั้ง
03/04/2025,,PNL1288,SC27D,1,ชิ้น,,SMT,กำลังแก้ไข,ตะกั่วเชื่อมขาอุปกรณ์
03/04/2025,,PNL1288,SC27D,2,ชิ้น,,SMT,กำลังแก้ไข,ตะกั่วน้อย
03/04/2025,,PNL1288,SC26D,2,ชิ้น,,SMT,กำลังแก้ไข,อุปกรณ์แตก
03/04/2025,,PNL1288,SC27D,1,ชิ้น,,SMT,กำลังแก้ไข,อุปกรณ์ลอย
03/04/2025,,PNL1288,SC27D,1,ชิ้น,,SMT,กำลังแก้ไข,อุปกรณ์ตะแคง
03/04/2025,,PNL1288,SC26D,1,ชิ้น,,SMT,กำลังแก้ไข,อุปกรณ์ตะกั่วไม่ขึ้นขา
03/04/2025,,PNL1288,SC29D,4,ชิ้น,,SMT,กำลังแก้ไข,อุปกรณ์กลับด้าน
03/04/2025,,PNL1288,SC27D,1,ชิ้น,,SMT,กำลังแก้ไข,อุปกรณ์บิ่น
03/04/2025,,PNL1288,SD01D,4,ชิ้น,,SMT,กำลังแก้ไข,อุปกรณ์ขาลอย
03/04/2025,,RJ08,SC27N,1,ชิ้น,,SMT,กำลังแก้ไข,อุปกรณ์กลับขั้ว
03/04/2025,,K2SF,SC24D,1,ชิ้น,,SMT,กำลังแก้ไข,ไม่มีอุปกรณ์
03/04/2025,,K93F,SD01D,5,ชิ้น,,SMT,กำลังแก้ไข,อุปกรณ์เลื่อน
03/04/2025,,K73L,SC26N,1,ชิ้น,,SMT,กำลังแก้ไข,อุปกรณ์เลื่อน
03/04/2025,,BUA1214,SD02D,1,ชิ้น,,SMT,กำลังแก้ไข,อุปกรณ์เลื่อน
03/04/2025,,3M0A,SD02N,1,ชิ้น,,SMT,กำลังแก้ไข,ตะกั่วน้อย
03/04/2025,,3M0A_LO_HI,SC31N,1,ชิ้น,,SMT,กำลังแก้ไข,อุปกรณ์เลื่อน
07/04/2025,,K1ZT_HL,SD04N,1,ชิ้น,,SMT,กำลังแก้ไข,อุปกรณ์ขาลอย
07/04/2025,,K1ZT_HL,SD05D,2,ชิ้น,,SMT,กำลังแก้ไข,ตะกั่วไม่ขึนขาอุปกรณ์
07/04/2025,,K3MF,SD03D,3,ชิ้น,,SMT,กำลังแก้ไข,อุปกรณ์ตั้ง
07/04/2025,,TLAA,SD01N,1,ชิ้น,,SMT,กำลังแก้ไข,ตะกั่วไม่ขึ้นขา
07/04/2025,,TLAA,SD01N,1,ชิ้น,,SMT,กำลังแก้ไข,ตะกั่วไม่ขึ้นขา
07/04/2025,,3V00_DRL,SD02N,1,ชิ้น,,SMT,กำลังแก้ไข,อุปกรณ์เลื่อน
07/04/2025,,PNL1288,SD01D,1,ชิ้น,,SMT,กำลังแก้ไข,มีสิ่งแปลกปลอม
07/04/2025,,PNL1288,SD02D,1,ชิ้น,,SMT,กำลังแก้ไข,อุปกรณ์แตก
07/04/2025,,PNL1288,SD01D,4,ชิ้น,,SMT,กำลังแก้ไข,อุปกรณ์ขาลอย
07/04/2025,,PNL1288,SD02D,1,ชิ้น,,SMT,กำลังแก้ไข,สิ่งแปลกปลอม
07/04/2025,,PNL1288,SD02D,1,ชิ้น,,SMT,กำลังแก้ไข,อุปกรณ์ตะกั่วเชื่อม
07/04/2025,,PNL1295,SC27D,2,ชิ้น,,SMT,กำลังแก้ไข,ตะกั่วไม่ขึ้นขา
07/04/2025,,TLAA,SD01N,2,ชิ้น,,SMT,กำลังแก้ไข,ตะกั่วไม่ขึ้นขา
07/04/2025,,3V00_DRL,SD02N,1,ชิ้น,,SMT,กำลังแก้ไข,อุปกรณ์ตะกั่วไม่ขึ้นขา
07/04/2025,,3M0A,SD04N,1,ชิ้น,,SMT,กำลังแก้ไข,อุปกรณ์ตั้ง
07/04/2025,,3M0A,SD04N,1,ชิ้น,,SMT,กำลังแก้ไข,ไม่มีอุปกรณ์
07/04/2025,,3M0A,SD04N,1,ชิ้น,,SMT,กำลังแก้ไข,อุปกรณ์ตั้ง
07/04/2025,,K2SF,SD03N,10,ชิ้น,,SMT,กำลังแก้ไข,อุปกรณ์เลื่อน
07/04/2025,,TLAA_FOG,SC26N,1,ชิ้น,,SMT,กำลังแก้ไข,ไม่มีอุปกรณ์
07/04/2025,,,SD01D,,ชิ้น,,SMT,กำลังแก้ไข,M16ต้องดู
07/04/2025,,H60_DRL,SD02D,1,ชิ้น,,SMT,กำลังแก้ไข,อุปกรณ์วางไม่ดี
07/04/2025,,K1ZT_HL,SD03N,1,ชิ้น,,SMT,กำลังแก้ไข,อุปกรณ์ไม่ดี
07/04/2025,,K1ZT_HL,SD01D,1,ชิ้น,,SMT,กำลังแก้ไข,สิ่งแปลกปลอม
08/04/2025,,T2A_RC,SD04N,1,ชิ้น,,SMT,กำลังแก้ไข,อุปกรณ์กลับด้าน
08/04/2025,,PNL1288,SD03N,1,ชิ้น,,SMT,กำลังแก้ไข,อุปกรณ์แตก
08/04/2025,,PNL1288,SD03D,1,ชิ้น,,SMT,กำลังแก้ไข,มีเศษอุปกรณ์หล่น
08/04/2025,,PNL1288,SD04N,1,ชิ้น,,SMT,กำลังแก้ไข,อุปกรณ์มีสิ่งแปลกปลอม
08/04/2025,,20MY_DRL,SD06D,1,ชิ้น,,SMT,กำลังแก้ไข,ตะกั่วเชื่อมขาอุปกรณ์
08/04/2025,,TLAA_FOG,SD04D,1,ชิ้น,,SMT,กำลังแก้ไข,ไม่มีอุปกรณ์
08/04/2025,,K1ZF_HL,SD07D,1,ชิ้น,,SMT,กำลังแก้ไข,อุปกรณ์เลื่อน
08/04/2025,,K2VH,SD07N,1,ชิ้น,,SMT,กำลังแก้ไข,อุปกรณ์กลับด้าน
08/04/2025,,K2VH,SD07N,1,ชิ้น,,SMT,กำลังแก้ไข,ไม่มีอุปกรณ์
08/04/2025,,K58M,SD06D,1,ชิ้น,,SMT,กำลังแก้ไข,อุปกรณ์ขาลอย
08/04/2025,,K58M,SD06D,1,ชิ้น,,SMT,กำลังแก้ไข,อุปกรณ์ตะกั่วน้อย
08/04/2025,,K58M,SD03N,1,ชิ้น,,SMT,กำลังแก้ไข,อุปกรณ์เลื่อน
08/04/2025,,3M0A_1719,SD03D,1,ชิ้น,,SMT,กำลังแก้ไข,ไม่มีอุปกรณ์
09/04/2025,,3M0A_1719,SD05N,4,ชิ้น,,SMT,กำลังแก้ไข,ไม่มีอุปกรณ์
09/04/2025,,2TP,SC27D,1,ชิ้น,,SMT,กำลังแก้ไข,อุปกรณ์ตะแคง
09/04/2025,,3M0A,SD05D,1,ชิ้น,,SMT,กำลังแก้ไข,อุปกรณ์ตั้ง
09/04/2025,,BUA1214,SD05N,1,ชิ้น,,SMT,กำลังแก้ไข,อุปกรณ์เลื่อน
09/04/2025,,PNL1308,SD05D,1,ชิ้น,,SMT,กำลังแก้ไข,อุปกรณ์แตก
09/04/2025,,PNL1308,SD05D,1,ชิ้น,,SMT,กำลังแก้ไข,อุปกรณ์เลื่อน
09/04/2025,,PNL1308,SD05D,1,ชิ้น,,SMT,กำลังแก้ไข,ตะกั่วไม่ขึ่นขา
09/04/2025,,PNL1308,SD05D,1,ชิ้น,,SMT,กำลังแก้ไข,อุปกรณ์แตก
09/04/2025,,PNL1295,SD03N,1,ชิ้น,,SMT,กำลังแก้ไข,อุปกรณ์ลอย
09/04/2025,,K2VH,SD04D,1,ชิ้น,,SMT,กำลังแก้ไข,อุปกรณ์ตะแคง
09/04/2025,,K2VH,SD04D,1,ชิ้น,,SMT,กำลังแก้ไข,อุปกรร์ขาลอย
10/04/2025,,K2FR,SD07D,1,ชิ้น,,SMT,กำลังแก้ไข,ตะกั่วไม่ขึ้นขาอุปกรณ์
10/04/2025,,K2SF_FT_PO,SD06N,1,ชิ้น,,SMT,กำลังแก้ไข,สิ่งแปลกปลอม
10/04/2025,,K1ZT_HL,SD08D,1,ชิ้น,,SMT,กำลังแก้ไข,ตะกั่วที่ขาอุปกรณ์ไม่สมบูรณ์
10/04/2025,,4P00_BI,SD05D,2,ชิ้น,,SMT,กำลังแก้ไข,อุปกรณ์เลื่อน
10/04/2025,,K3MF,SD04N,1,ชิ้น,,SMT,กำลังแก้ไข,อุปกรณ์ตั้ง
10/04/2025,,3A0A ,SD08N,1,ชิ้น,,SMT,กำลังแก้ไข,ไม่มีอุปกรณ์
10/04/2025,,K2SF_TL,SD01N,1,ชิ้น,,SMT,กำลังแก้ไข,อุปกรณ์กลับด้าน
10/04/2025,,K1ZT_HL,SD04D,1,ชิ้น,,SMT,กำลังแก้ไข,อุปกรณ์กลับด้าน
10/04/2025,,3M0A_FT_19,SD01N,1,ชิ้น,,SMT,กำลังแก้ไข,ไม่มีอุปกรณ์
10/04/2025,,3M0A_FT_20,SD01N,1,ชิ้น,,SMT,กำลังแก้ไข,ไม่มีอุปกรณ์
10/04/2025,,K2VH_DRV,SD02N,1,ชิ้น,,SMT,กำลังแก้ไข,อุปกรณืตะแคง
10/04/2025,,RJ08,SD03D,1,ชิ้น,,SMT,กำลังแก้ไข,ไม่มีอุปกรณ์
10/04/2025,,RJ08,SD03D,1,ชิ้น,,SMT,กำลังแก้ไข,ไม่ติดอุปกรณ์
10/04/2025,,3M0A_LOHI_LH,SD04N,2,ชิ้น,,SMT,กำลังแก้ไข,อุปกรณ์เลื่อน
10/04/2025,,K87H,SC27D,1,ชิ้น,,SMT,กำลังแก้ไข,อุปกรณ์ไม่ครบ
10/04/2025,,K3MF_TL,SD04N,1,ชิ้น,,SMT,กำลังแก้ไข,ไม่มีอุปกรณ์
10/04/2025,,K3MF_TL,SD04N,1,ชิ้น,,SMT,กำลังแก้ไข,ไม่มีอุปกรณ์
10/04/2025,,K2FR,SD05N,1,ชิ้น,,SMT,กำลังแก้ไข,อุปกรณ์กลับขั้ว
17/04/2025,,K3MF,SD08D,1,ชิ้น,,SMT,กำลังแก้ไข,อุปกรณ์ตั้ง
17/04/2025,,4P00_BI,SD08N,1,ชิ้น,,SMT,กำลังแก้ไข,อุปกรณ์เลื่อน
17/04/2025,,D92_HI,SD09N,3,ชิ้น,,SMT,กำลังแก้ไข,อุปกรณ์แตก
17/04/2025,,K1ZT_RC,SD12D,1,ชิ้น,,SMT,กำลังแก้ไข,อุปกรณ์เลื่อน
17/04/2025,,K1ZT_RC,SD12D,1,ชิ้น,,SMT,กำลังแก้ไข,อุปกรณ์ตั้ง
17/04/2025,,3M0A_FT19,SD09D,1,ชิ้น,,SMT,กำลังแก้ไข,อุปกรณ์ไม่มี
17/04/2025,,2TP,SD07D,1,ชิ้น,,SMT,กำลังแก้ไข,ตะกั่วไม่ขึ้นขา
17/04/2025,,3M0A_LOHI_(LH),SD10N,2,ชิ้น,,SMT,กำลังแก้ไข,อุปกรณ์เลื่อน
17/04/2025,,K1ZT_RCL,SD10D,1,ชิ้น,,SMT,กำลังแก้ไข,อุปกรณ์กลับด้าน
17/04/2025,,K2SF_LO_HI,SD10D,1,ชิ้น,,SMT,กำลังแก้ไข,อุปกรณ์เลื่อน
17/04/2025,,RJ08,SD07N,1,ชิ้น,,SMT,กำลังแก้ไข,อุปกรณ์ตกลาย
17/04/2025,,RJ08_RC_RCN,SD07D,1,ชิ้น,,SMT,กำลังแก้ไข,อุปกรณ์กลับด้าน
17/04/2025,,K73L,SD09D,2,ชิ้น,,SMT,กำลังแก้ไข,อุปกรณ์เลื่อน
18/04/2025,,K3MF,SD12D,3,ชิ้น,,SMT,กำลังแก้ไข,ตะกั่วไม่ขึ้นขาอุปกรณ์
18/04/2025,,H60_DRL,SD07D,1,ชิ้น,,SMT,กำลังแก้ไข,ไม่มีอุปกรณ์
18/04/2025,,TLAA_FOG,SD08D,1,ชิ้น,,SMT,กำลังแก้ไข,ไม่มีอุปกรณ์
18/04/2025,,3A0A_LID,SD08D,1,ชิ้น,,SMT,กำลังแก้ไข,ไม่มีอุปกรณ์
18/04/2025,,3M0A_FT_19,SD11D,1,ชิ้น,,SMT,กำลังแก้ไข,ไม่มีอุปกรณ์
18/04/2025,,231B_RC,SD18N,1,ชิ้น,,SMT,กำลังแก้ไข,อุปกรณ์เลื่อน
18/04/2025,,K1ZR_RCL,SD18N,1,ชิ้น,,SMT,กำลังแก้ไข,ตะกั่วไม่ขึ่นขา
18/04/2025,,K1ZT_HL,SD11N,1,ชิ้น,,SMT,กำลังแก้ไข,สิ่งแปลกปลอม
18/04/2025,,4P00,SD09N,1,ชิ้น,,SMT,กำลังแก้ไข,ตะกั่วไม่ขึ้นขาอุปกรณ์
21/04/2025,,BUA1213,SD19N,3,ชิ้น,,SMT,กำลังแก้ไข,อุปกรณ์ตั้ง
21/04/2025,,BUA1214,SD19D,1,ชิ้น,,SMT,กำลังแก้ไข,สิ่งแปลกปลอม
21/04/2025,,BUA1214,SD19D,1,ชิ้น,,SMT,กำลังแก้ไข,ตะกั่วไม่ขึ้นขา
21/04/2025,,K1ZT,SD20D,1,ชิ้น,,SMT,กำลังแก้ไข,อุปกรณ์ขาลอย
21/04/2025,,3M0A_LO_HI,SD19D,3,ชิ้น,,SMT,กำลังแก้ไข,อุปกรณ์เลื่อน
21/04/2025,,3A0A_LID,SD18D,3,ชิ้น,,SMT,กำลังแก้ไข,อุปกรณ์เลื่อน
21/04/2025,,PN1295,SD18D,1,ชิ้น,,SMT,กำลังแก้ไข,ตะกั่วเชื่อม 
21/04/2025,,BUA1307A,SD17D,1,ชิ้น,,SMT,กำลังแก้ไข,อุปกรณ์ขาลอย
21/04/2025,,D92_HI_G,SD17N,6,ชิ้น,,SMT,กำลังแก้ไข,"อุปกรณ์แตก,บิ่น"
22/04/2025,,K1ZT_HL,SD19D,1,ชิ้น,,SMT,กำลังแก้ไข,ตะกั่วเป็นรู
22/04/2025,,K73L,SD17N,2,ชิ้น,,SMT,กำลังแก้ไข,อุปกรณ์เลื่อน
22/04/2025,,K2VH_DRV,SD19D,2,ชิ้น,,SMT,กำลังแก้ไข,อุปกรณ์กลับด้าน
22/04/2025,,PNL1288,SD21N,1,ชิ้น,,SMT,กำลังแก้ไข,อุปกรณ์เลื่อน
22/04/2025,,3A0A_RC,SD21N,1,ชิ้น,,SMT,กำลังแก้ไข,ไม่มีอุปกรณ์
22/04/2025,,K73L,SD19N,1,ชิ้น,,SMT,กำลังแก้ไข,อุปกรณ์เลื่อน
22/04/2025,,2TP,SD09N,1,ชิ้น,,SMT,กำลังแก้ไข,ไม่มีอุปกรณ์
22/04/2025,,PNL1288,SD17D,1,ชิ้น,,SMT,กำลังแก้ไข,อุปกรณ์เลื่อน
22/04/2025,,PNL1295,SD03N,1,ชิ้น,,SMT,กำลังแก้ไข,ตะกั่วไม่ขึ้นขา
22/04/2025,,PNL1295,SD10N,1,ชิ้น,,SMT,กำลังแก้ไข,อุปกรณ์ขาลอย
22/04/2025,,PNL1288,SD19N,1,ชิ้น,,SMT,กำลังแก้ไข,ตะกั่วน้อย
22/04/2025,,PNL1288,SD11N,1,ชิ้น,,SMT,กำลังแก้ไข,อุปกรณ์แตก
22/04/2025,,PNL1295,SD08N,1,ชิ้น,,SMT,กำลังแก้ไข,ไม่มีอุปกรณ์
22/04/2025,,PNL1288,SD09N,1,ชิ้น,,SMT,กำลังแก้ไข,อุปกรณ์ตะกั่วน้อย
22/04/2025,,PNL1288,SD17D,4,ชิ้น,,SMT,กำลังแก้ไข,ตะกั่วน้อย
22/04/2025,,5F00_RH,SD07N,1,ชิ้น,,SMT,กำลังแก้ไข,อุปกรณ์กลับด้าน
22/04/2025,,PNL1288,SD17D,2,ชิ้น,,SMT,กำลังแก้ไข,ตะกั่วไม่ขึ้นขา
22/04/2025,,PNL1288,SD18D,1,ชิ้น,,SMT,กำลังแก้ไข,อุปกรณ์ขาเอียง
22/04/2025,,PNL1295A,SD08N,1,ชิ้น,,SMT,กำลังแก้ไข,อุปกรณ์บิ่น
23/04/2025,,4P00_BI,SD18N,1,ชิ้น,,SMT,กำลังแก้ไข,อุปกรณ์เลื่อน
23/04/2025,,4P00_BI,SD18N,2,ชิ้น,,SMT,กำลังแก้ไข,อุปกรณ์เลื่อน
23/04/2025,,4P00_BI,SD18N,1,ชิ้น,,SMT,กำลังแก้ไข,ไม่มีอุปกรณ์
23/04/2025,,K3MF_HL,SD19N,8,ชิ้น,,SMT,กำลังแก้ไข,อุปกรณ์แตก
23/04/2025,,3V00,SD17N,1,ชิ้น,,SMT,กำลังแก้ไข,ไม่มีอุปกรณ์
23/04/2025,,PNl1295,SD22D,2,ชิ้น,,SMT,กำลังแก้ไข,ไม่มีอุปกรณ์
23/04/2025,,PNL1295,SD03N,1,ชิ้น,,SMT,กำลังแก้ไข,ตะกั่วไม่ขึ้นขา
23/04/2025,,20MY,SD21N,1,ชิ้น,,SMT,กำลังแก้ไข,อุปกรณ์เลื่อน
23/04/2025,,3M0A,SD22D,1,ชิ้น,,SMT,กำลังแก้ไข,อุปกรณ์ตั้ง
23/04/2025,,20MY,SD21N,1,ชิ้น,,SMT,กำลังแก้ไข,อุปกรณ์เลื่อน
23/04/2025,,20MY,SD21N,1,ชิ้น,,SMT,กำลังแก้ไข,ตะกั่วไม่ขึ้นขา
23/04/2025,,K1ZT,SD22N,1,ชิ้น,,SMT,กำลังแก้ไข,อุปกรณ์เลื่อน
23/04/2025,,K1ZT_HL,SD22D,1,ชิ้น,,SMT,กำลังแก้ไข,อุปกรณ์เลื่อน
24/04/2025,,U60A,SD19D,1,ชิ้น,,SMT,กำลังแก้ไข,ตะกั่วไม่ขึ้นขาอุปกรณ์
24/04/2025,,K0FA,SD18N,1,ชิ้น,,SMT,กำลังแก้ไข,ตะกั่วเชื่อม
24/04/2025,,D92A_LO_HI_RH,SD17D,3,ชิ้น,,SMT,กำลังแก้ไข,ไม่มีอุปกรณ์
24/04/2025,,PN1288,SD23N,1,ชิ้น,,SMT,กำลังแก้ไข,ไม่มีอุปกรณ์
24/04/2025,,20MY_11,SD21N,2,ชิ้น,,SMT,กำลังแก้ไข,อุปกรณ์เลื่อน
24/04/2025,,D92,SD05N,1,ชิ้น,,SMT,กำลังแก้ไข,อุปกรณ์แตก
24/04/2025,,K2VJ_FT/PO,SD20D,2,ชิ้น,,SMT,กำลังแก้ไข,อุปกรณ์เป็นรู
25/04/2025,,3A0A,SD24D,1,ชิ้น,,SMT,กำลังแก้ไข,อุปกรณ์เลื่อน
25/04/2025,,3A0A,SD24D,1,ชิ้น,,SMT,กำลังแก้ไข,อุปกรณ์เลื่อน
25/04/2025,,3A0A,SD24D,1,ชิ้น,,SMT,กำลังแก้ไข,ไม่มีอุปกรณ์
25/04/2025,,3A0A,SD24D,1,ชิ้น,,SMT,กำลังแก้ไข,อุปกรณ์เลื่อน
25/04/2025,,3A0A,SD24D,1,ชิ้น,,SMT,กำลังแก้ไข,อุปกรณ์เลื่อน
28/04/2025,,PNL1288,SD26N,1,ชิ้น,,SMT,กำลังแก้ไข,ตะกั่วเชื่อม
28/04/2025,,PNL1288,SD26N,1,ชิ้น,,SMT,กำลังแก้ไข,ตะกั่วน้อย
28/04/2025,,PNL1288,SD23N,1,ชิ้น,,SMT,กำลังแก้ไข,อุปกรณ์แตก
28/04/2025,,PNL1301,SD11D,1,ชิ้น,,SMT,กำลังแก้ไข,อุปกรณ์แตก
28/04/2025,,3A0A_LID_FOG,SD08N,2,ชิ้น,,SMT,กำลังแก้ไข,อุปกรณ์เลื่อน
28/04/2025,,PNL1288,SD05N,1,ชิ้น,,SMT,กำลังแก้ไข,อุปกรณ์แตก
28/04/2025,,TLAA_FOG,SD23D,1,ชิ้น,,SMT,กำลังแก้ไข,อุปกรณ์เลื่อน
28/04/2025,,4P00_BI_CN,SD21D,1,ชิ้น,,SMT,กำลังแก้ไข,สิ่งแปลกปลอม
28/04/2025,,4P00_BI_CN,SD23D,3,ชิ้น,,SMT,กำลังแก้ไข,ตะกั่วไม่ขึ้นขา
28/04/2025,,PNL1288,SD17D,1,ชิ้น,,SMT,กำลังแก้ไข,ตะกั่วน้อย
28/04/2025,,PNL1288,SD11N,1,ชิ้น,,SMT,กำลังแก้ไข,อุปกรณ์เชื่อม
28/04/2025,,PNL1288,SD23N,1,ชิ้น,,SMT,กำลังแก้ไข,ตะกั่วไม่ขึ่นขา
28/04/2025,,D92_HI,SD05D,1,ชิ้น,,SMT,กำลังแก้ไข,อุปกรณ์แตก
28/04/2025,,PNL1334,SD11D,1,ชิ้น,,SMT,กำลังแก้ไข,อุปกรณ์เลื่อน
28/04/2025,,PNL1295,SD22D,1,ชิ้น,,SMT,กำลังแก้ไข,ตะกั่วไม่ขึ้นขา
28/04/2025,,231B_RC_LH,SD18N,1,ชิ้น,,SMT,กำลังแก้ไข,อุปกรณ์เลื่อน
28/04/2025,,K2VH,SD21N,1,ชิ้น,,SMT,กำลังแก้ไข,อุปกรณ์ตะแคง
28/04/2025,,K73L,SD23D,1,ชิ้น,,SMT,กำลังแก้ไข,อุปกรณ์เลื่อน
28/04/2025,,LEA5467,SD24D,1,ชิ้น,,SMT,กำลังแก้ไข,อุปกรณ์ตั้ง
28/04/2025,,K73L,SD25N,1,ชิ้น,,SMT,กำลังแก้ไข,อุปกรณ์เลื่อน
28/04/2025,,K2VH,SD21N,1,ชิ้น,,SMT,กำลังแก้ไข,อุปกรณ์เลื่อน
28/04/2025,,K1ZT,SD26N,1,ชิ้น,,SMT,กำลังแก้ไข,อุปกรณ์ตะแคง
30/04/2025,,K2JK,SD24D,1,ชิ้น,,SMT,กำลังแก้ไข,สิ่งแปลกปลอม
30/04/2025,,T98,SD28N,1,ชิ้น,,SMT,กำลังแก้ไข,อุปกรณ์ตะแคง
30/04/2025,,655B_FCL,SD26N,1,ชิ้น,,SMT,กำลังแก้ไข,อุปกรณ์เลื่อนเพราะมีอุปกรณ์กระเด็นมาติด/กระเด็นมาเกาะที่
30/04/2025,,K1ZT_RCL,SD28D,1,ชิ้น,,SMT,กำลังแก้ไข,อุปกรณ์เลื่อน
30/04/2025,,K1ZT_RCL,SD28D,1,ชิ้น,,SMT,กำลังแก้ไข,สิ่งแปลกปลอม
30/04/2025,,K1ZT_RCL,SD28D,1,ชิ้น,,SMT,กำลังแก้ไข,ไม่มีอุปกรณ์
30/04/2025,,640_HMSL,SD25N,1,ชิ้น,,SMT,กำลังแก้ไข,สิ่งแปลกปลอม
05/05/2025,,PNL1295,SD24D,1,ชิ้น,,SMT,กำลังแก้ไข,อุปกรณ์ลอย
05/05/2025,,D92_HI,SD26D,1,ชิ้น,,SMT,กำลังแก้ไข,อุปกรณ์แตก
05/05/2025,,PNL1295,SD24D,1,ชิ้น,,SMT,กำลังแก้ไข,อุปกรณ์วางไม่ดี
05/05/2025,,PNL1288,SD24N,1,ชิ้น,,SMT,กำลังแก้ไข,ตะกั่วไม่ขึ้นขาอุปกรณ์
05/05/2025,,PNL1288,SD24N,1,ชิ้น,,SMT,กำลังแก้ไข,ขาลอย
05/05/2025,,KDN,SD17D,2,ชิ้น,,SMT,กำลังแก้ไข,ตะกั่วน้อย
05/05/2025,,655_RCL,SD27D,1,ชิ้น,,SMT,กำลังแก้ไข,อุปกรณ์เลื่อน
05/05/2025,,655B_FCL,SD26N,1,ชิ้น,,SMT,กำลังแก้ไข,ไม่มีอุปกรณ์
05/05/2025,,655B_FCL,SD26N,1,ชิ้น,,SMT,กำลังแก้ไข,ไม่มีอุปกรณ์
05/05/2025,,20MY_FOG,SD29D,1,ชิ้น,,SMT,กำลังแก้ไข,อุปกรณ์เลื่อน
05/05/2025,,20MY_RC ,SD29D,1,ชิ้น,,SMT,กำลังแก้ไข,อุปกรณ์เลื่อน
05/05/2025,,T20A_FOG,SD28N,6,ชิ้น,,SMT,กำลังแก้ไข,ไม่มีอุปกรณ์
05/05/2025,,4P00_BO,SD26N,1,ชิ้น,,SMT,กำลังแก้ไข,อุปกรณ์เลื่อน
05/05/2025,,3M0A,SD28N,1,ชิ้น,,SMT,กำลังแก้ไข,อุปกรณ์กลับด้าน
05/05/2025,,3V00_DRL,SD28D,1,ชิ้น,,SMT,กำลังแก้ไข,อุปกรณ์วางไม่ดี
05/05/2025,,TLAA_FOG,SD23N,2,ชิ้น,,SMT,กำลังแก้ไข,อุปกรณ์กลับด้าน
05/05/2025,,TLAA_FOG,SD23N,1,ชิ้น,,SMT,กำลังแก้ไข,อุปกรณ์เลื่อน
05/05/2025,,K3MF,SD28N,1,ชิ้น,,SMT,กำลังแก้ไข,ตะกั่วไม่ขึ้นขาอุปกรณ์
05/05/2025,,3A0A_LID,SD30D,4,ชิ้น,,SMT,กำลังแก้ไข,ไม่มีอุปกรณ์
05/05/2025,,TLAA_,SD26D,3,ชิ้น,,SMT,กำลังแก้ไข,ตะกั่วไม่ขึ้นขา
05/05/2025,,PN1288,SD26N,1,ชิ้น,,SMT,กำลังแก้ไข,ตะกั่วน้อย
05/05/2025,,PNL1295,SD28N,2,ชิ้น,,SMT,กำลังแก้ไข,ตะกั่วน้อย
05/05/2025,,PNL1295,SD28N,1,ชิ้น,,SMT,กำลังแก้ไข,อุปกรณ์ลอย
05/05/2025,,PNL1288,SD28N,1,ชิ้น,,SMT,กำลังแก้ไข,อุปกรณ์แตก
05/05/2025,,PNL1295,SD28N,2,ชิ้น,,SMT,กำลังแก้ไข,ตะกั่วน้อย
05/05/2025,,PNL1288,SD26D,1,ชิ้น,,SMT,กำลังแก้ไข,อุปกรณ์แตก
05/05/2025,,PNL1308,SD29D,1,ชิ้น,,SMT,กำลังแก้ไข,อุปกรณ์บิ่น
05/05/2025,,LSC01 RC,SD17N,1,ชิ้น,,SMT,กำลังแก้ไข,ไม่มีอุปกรณ์
05/05/2025,,K73L,SD30D,2,ชิ้น,,SMT,กำลังแก้ไข,อุปกรณ์เลื่อน
05/05/2025,,231B_RC(13),SD23N,1,ชิ้น,,SMT,กำลังแก้ไข,อุปกรณ์เลื่อน
06/05/2025,,3A0A_LIDW/O,SE03D,1,ชิ้น,,SMT,กำลังแก้ไข,อุปกรณ์เลื่อน 
06/05/2025,,PNL1288,SE03N,1,ชิ้น,,SMT,กำลังแก้ไข,ตะกั่วเชื่อม
06/05/2025,,K1ZT_HL,SD29D,1,ชิ้น,,SMT,กำลังแก้ไข,อุปกรณ์ตะแคง
06/05/2025,,K1ZT_LOHI,SE02N,3,ชิ้น,,SMT,กำลังแก้ไข,ไม่มีอุปกรณ์
06/05/2025,,K1ZT_LOHI,SE02N,1,ชิ้น,,SMT,กำลังแก้ไข,อุปกรณ์เลื่อน
06/05/2025,,655B_RCL_81,SE03N,1,ชิ้น,,SMT,กำลังแก้ไข,อุปกรณ์เลื่อน
06/05/2025,,655B_FCL,SE03D,1,ชิ้น,,SMT,กำลังแก้ไข,ไม่มีอุปกรณ์
06/05/2025,,640,SD28D,1,ชิ้น,,SMT,กำลังแก้ไข,อุปกรณ์ตะแคง/เลื่อน
07/05/2025,,K2SF_LO_HI,SE05N,1,ชิ้น,,SMT,กำลังแก้ไข,ไม่มีอุปกรณ์
07/05/2025,,655B_LID,SE06N,2,ชิ้น,,SMT,กำลังแก้ไข,ตะกั่วไม่ขึนขาอุปกรณ์
07/05/2025,,655B_RCL_81,SE05N,1,ชิ้น,,SMT,กำลังแก้ไข,ไม่มีอุปกรณ์
07/05/2025,,655B_RCL,SC28N,2,ชิ้น,,SMT,กำลังแก้ไข,อุปกรณ์ตั้ง
07/05/2025,,655B,SE05N,1,ชิ้น,,SMT,กำลังแก้ไข,อุปกรณ์เลื่อน
07/05/2025,,438D,SE05N,1,ชิ้น,,SMT,กำลังแก้ไข,อุปกรณ์ขาลอย
07/05/2025,,K2SF_LO_HI,SE05D,1,ชิ้น,,SMT,กำลังแก้ไข,อุปกรณ์กลับด้าน
07/05/2025,,K2SF_LO_HI,SE02N,1,ชิ้น,,SMT,กำลังแก้ไข,ไม่มีอุปกรณ์
07/05/2025,,K2SF_LO_HI,SE05D,1,ชิ้น,,SMT,กำลังแก้ไข,ไม่มีอุปกรณ์เพราะฟลั๊กซ์หยด
07/05/2025,,K2SF_LO_HI,SE03D,1,ชิ้น,,SMT,กำลังแก้ไข,อุปกรณ์เลื่อน
07/05/2025,,K1ZT_HL,SE02D,1,ชิ้น,,SMT,กำลังแก้ไข,อุปกรณ์เลื่อน
07/05/2025,,K2VH-27,SE03N,1,ชิ้น,,SMT,กำลังแก้ไข,อุปกรณ์เลื่อน
07/05/2025,,K73L,SE03N,1,ชิ้น,,SMT,กำลังแก้ไข,อุปกรณ์เลื่อน
07/05/2025,,P60,SE02N,1,ชิ้น,,SMT,กำลังแก้ไข,ไม่มีอุปกรณ์
07/05/2025,,K2SF,SC31N,1,ชิ้น,,SMT,กำลังแก้ไข,ตะกั่วไม่ขึ้นขา
07/05/2025,,K88G,SD26D,1,ชิ้น,,SMT,กำลังแก้ไข,อุปกรณ์ขาลอย
07/05/2025,,K2VH,SE06D,1,ชิ้น,,SMT,กำลังแก้ไข,อุปกรณ์เลื่อน
08/05/2025,,K1ZT,SE06N,1,ชิ้น,,SMT,กำลังแก้ไข,อุปกรณ์เลื่อน
08/05/2025,,K1ZT_HL,SE06N,1,ชิ้น,,SMT,กำลังแก้ไข,ตะกั้วไม่ขึ้นขาอุปกรณ์
08/05/2025,,K2SF,SD24N,2,ชิ้น,,SMT,กำลังแก้ไข,ไม่ติดอุปกรณ์
09/05/2025,,655B_FCL_95,SE05N,2,ชิ้น,,SMT,กำลังแก้ไข,อุปกรณืเลื่อน
09/05/2025,,640,SE05D,1,ชิ้น,,SMT,กำลังแก้ไข,อุปกรณ์ไม่มี
09/05/2025,,K1ZT,SE07N,1,ชิ้น,,SMT,กำลังแก้ไข,สิ่งแปลกปลอม
09/05/2025,,K1ZT,SE07N,1,ชิ้น,,SMT,กำลังแก้ไข,ไม่มีอุปกรณ์
09/05/2025,,655B,SE06D,1,ชิ้น,,SMT,กำลังแก้ไข,ตะกั่วน้อย
09/05/2025,,PNL1288,SE05N,1,ชิ้น,,SMT,กำลังแก้ไข,ตะกั่วน้อย
09/05/2025,,3A0A,SE06D,1,ชิ้น,,SMT,กำลังแก้ไข,อุปกรณ์เลื่อน
09/05/2025,,P60,SD29N,1,ชิ้น,,SMT,กำลังแก้ไข,ไม่มีอุปกรณ์
09/05/2025,,1295,SE05D,4,ชิ้น,,SMT,กำลังแก้ไข,ตะกั่วน้อย
09/05/2025,,1295,SE07D,3,ชิ้น,,SMT,กำลังแก้ไข,ตะกั่วน้อย
09/05/2025,,1334,SE06N,1,ชิ้น,,SMT,กำลังแก้ไข,ลายทองแดงเป็นสนิม
09/05/2025,,1334,SE06N,1,ชิ้น,,SMT,กำลังแก้ไข,อุปกรณ์ลอย/สภาพจริงไม่มี
09/05/2025,,K0FA,SE03N,1,ชิ้น,,SMT,กำลังแก้ไข,อุปกรณ์ตกลาย
09/05/2025,,1288,SE07D,1,ชิ้น,,SMT,กำลังแก้ไข,สิ่งแปลกปลอม
09/05/2025,,TLAA,SE05D,1,ชิ้น,,SMT,กำลังแก้ไข,อุปกรณ์เลื่อน
09/05/2025,,3A0A,SE06D,2,ชิ้น,,SMT,กำลังแก้ไข,อุปกรณ์เลื่อน
09/05/2025,,20MY_DRL,SE07D,6,ชิ้น,,SMT,กำลังแก้ไข,อุปกรณ์ตั้ง
12/05/2025,,655B_LID,SE03D,1,ชิ้น,,SMT,กำลังแก้ไข,อุปกรณ์เลื่อน
12/05/2025,,655_RCL,SE08D,1,ชิ้น,,SMT,กำลังแก้ไข,อุปกรณ์ตั้ง
12/05/2025,,655B_FCL,SE07N,1,ชิ้น,,SMT,กำลังแก้ไข,ไม่มีอุปกรณ์
12/05/2025,,K1ZT_LOHI,SE09N,3,ชิ้น,,SMT,กำลังแก้ไข,ไม่มีอุปกรณ์
12/05/2025,,K2SF_LOHI,SE10N,13,ชิ้น,,SMT,กำลังแก้ไข,ไม่มีอุปกรณ์
12/05/2025,,655B_FCL,SE07N,1,ชิ้น,,SMT,กำลังแก้ไข,อุปกรณ์ตะแคง
12/05/2025,,K2SF,SE08N,4,ชิ้น,,SMT,กำลังแก้ไข,อุปกรณ์เลื่อน
12/05/2025,,K73L,SE10D,2,ชิ้น,,SMT,กำลังแก้ไข,อุปกรณ์เลื่อน
12/05/2025,,LEA5467,SE08D,3,ชิ้น,,SMT,กำลังแก้ไข,อุปกรณ์เลื่อน
12/05/2025,,LEA5467,SE02D,1,ชิ้น,,SMT,กำลังแก้ไข,กลับด้าน
12/05/2025,,K3MF,SE09D,1,ชิ้น,,SMT,กำลังแก้ไข,อุปกรณ์เลื่อน
12/05/2025,,K73L,SE10D,2,ชิ้น,,SMT,กำลังแก้ไข,อุปกรณ์เลื่อน
12/05/2025,,K2SF_LOHI,SE05D,1,ชิ้น,,SMT,กำลังแก้ไข,อุปกรณ์กลับด้าน
12/05/2025,,K2SF_FT ,SE08D,1,ชิ้น,,SMT,กำลังแก้ไข,อุปกรณ์เลื่อน
12/05/2025,,K73L,SE06D,1,ชิ้น,,SMT,กำลังแก้ไข,อุปกรณ์เลื่อน
13/05/2025,,3A0A_LID,SE08N,5,ชิ้น,,SMT,กำลังแก้ไข,อุปกรณ์เลื่อน
13/05/2025,,H60_RC,SE06N,1,ชิ้น,,SMT,กำลังแก้ไข,สิ่งแปลกปลอม
13/05/2025,,PNL1288,SE06D,1,ชิ้น,,SMT,กำลังแก้ไข,อุปกรณ์ร้าว
13/05/2025,,3A0A_LID,SE07N,1,ชิ้น,,SMT,กำลังแก้ไข,อุปกรณ์เลื่อน
13/05/2025,,4P00_BI_CN,SE06D,1,ชิ้น,,SMT,กำลังแก้ไข,อุปกรณ์ตกลาย
13/05/2025,,3A0A_LID_FOG,SE05N,4,ชิ้น,,SMT,กำลังแก้ไข,อุปกรณ์เลื่อน
13/05/2025,,K3MF,SE08N,1,ชิ้น,,SMT,กำลังแก้ไข,อุปกรณ์กลับด้าน
13/05/2025,,4P00BI,SD30N,2,ชิ้น,,SMT,กำลังแก้ไข,อุปกรณ์หลุด
13/05/2025,,4P00BI,SE09N,1,ชิ้น,,SMT,กำลังแก้ไข,อุปกรณ์ขาลอย
13/05/2025,,3A0A_LID_FOG,SE10D,2,ชิ้น,,SMT,กำลังแก้ไข,อุปกรณ์เลื่อน
13/05/2025,,3A0A_LID_FOG,SD25N,1,ชิ้น,,SMT,กำลังแก้ไข,อุปกรณ์เลื่อน
14/05/2025,,K46F_13775,SE13D,1,ชิ้น,,SMT,กำลังแก้ไข,ไม่มีอุปกรณ์
14/05/2025,,K3MF,SE13D,1,ชิ้น,,SMT,กำลังแก้ไข,อุปกรณ์แตก
14/05/2025,,K3MF,SE13D,1,ชิ้น,,SMT,กำลังแก้ไข,อุปกรณ์เลื่อน
14/05/2025,,K3FA_TL,SE09N,1,ชิ้น,,SMT,กำลังแก้ไข,อุปกรณ์เลื่อน
14/05/2025,,655B,SE06N,1,ชิ้น,,SMT,กำลังแก้ไข,ตะกั่วมาก
14/05/2025,,T98_TL,SE06D,1,ชิ้น,,SMT,กำลังแก้ไข,ตะแคง
14/05/2025,,655B_FCL,SE13N,2,ชิ้น,,SMT,กำลังแก้ไข,ไม่มีอุปกรณ์
14/05/2025,,655B_FCL,SE13N,2,ชิ้น,,SMT,กำลังแก้ไข,ไม่มีอุปกรณ์
14/05/2025,,655B_RCL,SE13D,1,ชิ้น,,SMT,กำลังแก้ไข,ตะกั่วเชื่อม
14/05/2025,,655B,SE13D,1,ชิ้น,,SMT,กำลังแก้ไข,ตะกั่วมาก
14/05/2025,,K2SF,SE12N,15,ชิ้น,,SMT,กำลังแก้ไข,ไม่มีอุปกรณ์
19/05/2025,,K3MF,SE15N,1,ชิ้น,,SMT,กำลังแก้ไข,มีสิ่งแปลกปลอม
19/05/2025,,K1ZT_HL,SE09N,1,ชิ้น,,SMT,กำลังแก้ไข,สิ่งแปลกปลอม
19/05/2025,,K2SF_LOHI,SE11D,1,ชิ้น,,SMT,กำลังแก้ไข,อุปกรณ์เลื่อน
19/05/2025,,K2SF_FT_PO,SE10N,1,ชิ้น,,SMT,กำลังแก้ไข,อุปกรณ์เลื่อน
19/05/2025,,K2SF_FT_PO,SE10N,1,ชิ้น,,SMT,กำลังแก้ไข,อุปกรณขาลอย
19/05/2025,,K2SF,SE14N,9,ชิ้น,,SMT,กำลังแก้ไข,ไม่มีอุปกรณ์
19/05/2025,,K1ZT,SE13N,4,ชิ้น,,SMT,กำลังแก้ไข,ไม่มีอุปกรณ์
19/05/2025,,338B,SD24N,1,ชิ้น,,SMT,กำลังแก้ไข,ตะกั่วเชื่อม
19/05/2025,,RJ08-68,SE10D,1,ชิ้น,,SMT,กำลังแก้ไข,อุปกรณ์กลับด้าน
19/05/2025,,RJ08-68,SE10D,2,ชิ้น,,SMT,กำลังแก้ไข,ไม่มัอุปกรณ์
19/05/2025,,K2SF_LO_HO,SE16N,4,ชิ้น,,SMT,กำลังแก้ไข,ไม่มีอุปกรณ์
19/05/2025,,RJ08_RC,SE10D,1,ชิ้น,,SMT,กำลังแก้ไข,ไม่มีอุปกรณ์
19/05/2025,,PNL1288,SE08D,1,ชิ้น,,SMT,กำลังแก้ไข,สิ่งแปลกปลอม
19/05/2025,,PNL1288,SE12N,1,ชิ้น,,SMT,กำลังแก้ไข,สิ่งแปลกปลอม
19/05/2025,,PNL1344,SE10D,1,ชิ้น,,SMT,กำลังแก้ไข,อุปกรณ์บิ่น
19/05/2025,,K3MF_HL,SE10D,1,ชิ้น,,SMT,กำลังแก้ไข,กาวเปื้อน
19/05/2025,,K3MF_HL,SE10D,1,ชิ้น,,SMT,กำลังแก้ไข,อุปกรณ์เสียรูป
19/05/2025,,H60_RC,SE11D,1,ชิ้น,,SMT,กำลังแก้ไข,อุปกรณ์ตะกั่วน้อย
19/05/2025,,PNL1288,SE10D,1,ชิ้น,,SMT,กำลังแก้ไข,อุปกรณ์ตกลาย
20/05/2025,,PNL1287,SE10D,1,ชิ้น,,SMT,กำลังแก้ไข,ไม่มีอุปกรณ์
20/05/2025,,PNL1287,SE10D,1,ชิ้น,,SMT,กำลังแก้ไข,อุปกรณ์แตก
20/05/2025,,PNl1288,SE12N,1,ชิ้น,,SMT,กำลังแก้ไข,อุปกรณ์ตะแคง
20/05/2025,,PNL1308,SE09D,1,ชิ้น,,SMT,กำลังแก้ไข,อุปกรณ์เลื่อน
20/05/2025,,PNL1308,SE09D,1,ชิ้น,,SMT,กำลังแก้ไข,อุปกรณ์แตก
20/05/2025,,D92,SE07D,1,ชิ้น,,SMT,กำลังแก้ไข,ไม่มีอุปกรณ์
20/05/2025,,D92,SE02D,1,ชิ้น,,SMT,กำลังแก้ไข,อุปกรณ์แตก
20/05/2025,,D92,SD22N,1,ชิ้น,,SMT,กำลังแก้ไข,อุปกรณ์แตก
20/05/2025,,3A0A_FOG,SE13N,2,ชิ้น,,SMT,กำลังแก้ไข,อุปกรณ์เชื่อม
20/05/2025,,D92,SE10D,5,ชิ้น,,SMT,กำลังแก้ไข,อุปกรณ์แตก
20/05/2025,,D92,SE26D,2,ชิ้น,,SMT,กำลังแก้ไข,อุปกรณ์แตก
20/05/2025,,D92,SE02D,4,ชิ้น,,SMT,กำลังแก้ไข,อุปกรณ์แตก
21/05/2025,,T98_TL,SE15N,8,ชิ้น,,SMT,กำลังแก้ไข,อุปกรณ์ตะแคง
21/05/2025,,BUA1208,SE20D,1,ชิ้น,,SMT,กำลังแก้ไข,อุปกรณ์เลื่อน
21/05/2025,,3A0A_RC,SE20D,1,ชิ้น,,SMT,กำลังแก้ไข,อุปกรณ์แตก
21/05/2025,,3A0A_RR_FOG,SC07N,3,ชิ้น,,SMT,กำลังแก้ไข,เส้นลวดงอ
21/05/2025,,T20_RR_FOG,SC11N,3,ชิ้น,,SMT,กำลังแก้ไข,เส้นลวดงอ
21/05/2025,,K73L,SE12D,5,ชิ้น,,SMT,กำลังแก้ไข,อุปกรณ์เลื่อน
21/05/2025,,655B_FCL,SE07N,1,ชิ้น,,SMT,กำลังแก้ไข,อุปกรณ์ลอย
21/05/2025,,K2VH,SE13N,2,ชิ้น,,SMT,กำลังแก้ไข,ไม่มีอุปกรณ์
21/05/2025,,LEA5467,"SE15D ,4ตัว,  SE17D,2ตัว",6,ชิ้น,,SMT,กำลังแก้ไข,อุปกรณ์เลื่อน
21/05/2025,,231,SE09N,1,ชิ้น,,SMT,กำลังแก้ไข,อุปกรณ์เลื่อน
21/05/2025,,RJ08_RC,SE16D,1,ชิ้น,,SMT,กำลังแก้ไข,ไม่มีอุปกรณ์
21/05/2025,,3A0A_LID,SE19N,1,ชิ้น,,SMT,กำลังแก้ไข,อุปกรณ์เลื่อน
21/05/2025,,K2SF_FT_PO,SE10N,1,ชิ้น,,SMT,กำลังแก้ไข,อุปกรณ์เลื่อน
21/05/2025,,K3MF,SE15N,1,ชิ้น,,SMT,กำลังแก้ไข,สิ่งแปลกปลอม
21/05/2025,,K2SF_LOHI,SE11D,1,ชิ้น,,SMT,กำลังแก้ไข,อุปกรณ์เลื่อน
21/05/2025,,K2SF_FT_PO,SE10N,1,ชิ้น,,SMT,กำลังแก้ไข,อุปกรณ์ขาลอย
21/05/2025,,K1ZT_HL,SE09N,1,ชิ้น,,SMT,กำลังแก้ไข,สิ่งแปลกปลอม
21/05/2025,,K1ZT_HL,SE21N,1,ชิ้น,,SMT,กำลังแก้ไข,ตะกั่วไม่ขึ้นขา
21/05/2025,,655B,SE19D,2,ชิ้น,,SMT,กำลังแก้ไข,อุปกรณ์เลื่อน
21/05/2025,,655B,SE19D,1,ชิ้น,,SMT,กำลังแก้ไข,อุปกรณ์เลื่อน
21/05/2025,,J59K,SE21N,1,ชิ้น,,SMT,กำลังแก้ไข,อุปกรณ์กลับด้าน
21/05/2025,,J59K,SE21N,1,ชิ้น,,SMT,กำลังแก้ไข,อุปกรณ์กลับด้าน
21/05/2025,,655B_FCL,SE20N,1,ชิ้น,,SMT,กำลังแก้ไข,ตะกั่วน้อย
21/05/2025,,K2SF_LOHI,SE20N,1,ชิ้น,,SMT,กำลังแก้ไข,ไม่มีอุปกรณ์
21/05/2025,,655B_LID,SE16N,1,ชิ้น,,SMT,กำลังแก้ไข,อุปกรณ์วางไม่ดี
21/05/2025,,,SE14D,,ชิ้น,,SMT,กำลังแก้ไข,อุปกรณ์เลื่อน
26/05/2025,,PNL1334,SE21N,1,ชิ้น,,SMT,กำลังแก้ไข,อุปกรณ์วางไม่ดี
26/05/2025,,PNL1334,SE21N,2,ชิ้น,,SMT,กำลังแก้ไข,อุปกรณ์เลื่อน
26/05/2025,,PNL1288,SE21D,1,ชิ้น,,SMT,กำลังแก้ไข,อุปกรณ์แตก
26/05/2025,,PNL1288,SE22N,2,ชิ้น,,SMT,กำลังแก้ไข,อุปกรณ์เลื่อน
26/05/2025,,PNL1288,SE21D,1,ชิ้น,,SMT,กำลังแก้ไข,อุปกรณ์ตะแคง
26/05/2025,,PNL1288,SE20N,1,ชิ้น,,SMT,กำลังแก้ไข,ไม่มีอุปกรณ์
26/05/2025,,PNL1288,SE20N,1,ชิ้น,,SMT,กำลังแก้ไข,อุปกรณ์เลื่อน
26/05/2025,,PNL1288,SE22N,1,ชิ้น,,SMT,กำลังแก้ไข,ไม่มีอุปกรณ์
26/05/2025,,D92_LOW_RH,SE19N,2,ชิ้น,,SMT,กำลังแก้ไข,อุปกรณ์แตก
26/05/2025,,K2SF_LOHI,SE23N,1,ชิ้น,,SMT,กำลังแก้ไข,อุปกรณ์ไปติดใต้ท้อง
26/05/2025,,3A0A_LID,SE19N,4,ชิ้น,,SMT,กำลังแก้ไข,อุปกรณ์เลื่อน
26/05/2025,,PNL1288,SE22N,1,ชิ้น,,SMT,กำลังแก้ไข,ไม่มีอุปกรณ์
26/05/2025,,D92_LOW_RH,SE21N,2,ชิ้น,,SMT,กำลังแก้ไข,อุปกรณ์แตก
26/05/2025,,231B,SE21D,2,ชิ้น,,SMT,กำลังแก้ไข,อุปกรณ์เลื่อน
26/05/2025,,K1ZT_HL,SE23D,1,ชิ้น,,SMT,กำลังแก้ไข,ตะกั่วไม่ขึ้นขา
27/05/2025,,T2AA_DRL,SE24D,8,ชิ้น,,SMT,กำลังแก้ไข,อุปกรณ์เลื่อน
27/05/2025,,T2AA_DRL,SE24D,1,ชิ้น,,SMT,กำลังแก้ไข,อุปกรณ์ตะแคง
27/05/2025,,T2AA_DRL,SE24D,1,ชิ้น,,SMT,กำลังแก้ไข,อุปกรณ์ตะแคง
27/05/2025,,655B_S1601B,SE14N,1,ชิ้น,,SMT,กำลังแก้ไข,อุปกรณ์เลื่อน
27/05/2025,,4P00_BI_CN,SE22N,1,ชิ้น,,SMT,กำลังแก้ไข,อุปกรณ์เลื่อน
27/05/2025,,4P00_BI_CN,SE26D,1,ชิ้น,,SMT,กำลังแก้ไข,สิ่งแปลกปลอม
27/05/2025,,4P00_BI_CN,SE24N,1,ชิ้น,,SMT,กำลังแก้ไข,ตะกั่วเชื่อม
27/05/2025,,D92_LO/HI_RH,SE17D,1,ชิ้น,,SMT,กำลังแก้ไข,อุปกรณ์แตก
27/05/2025,,PNL1295,SE16D,1,ชิ้น,,SMT,กำลังแก้ไข,ไม่มีอุปกรณ์
27/05/2025,,PNL1288,SE14N,3,ชิ้น,,SMT,กำลังแก้ไข,อุปกรณ์ลอย
27/05/2025,,PNL1288,SE10D,1,ชิ้น,,SMT,กำลังแก้ไข,อุปกรณ์ลอย
27/05/2025,,PNL1288,SE16N,2,ชิ้น,,SMT,กำลังแก้ไข,ตะกั่วน้อย
27/05/2025,,PNL1295,SE14N,1,ชิ้น,,SMT,กำลังแก้ไข,อุปกรณ์ลอย
27/05/2025,,PNL1288,SE19N,1,ชิ้น,,SMT,กำลังแก้ไข,สิ่งแปลกปลอม
27/05/2025,,PNL1288,SE13N,1,ชิ้น,,SMT,กำลังแก้ไข,ตะกั่วไม่ขึนขาอุปกรณ์
27/05/2025,,PNL1288,SE14N,1,ชิ้น,,SMT,กำลังแก้ไข,ขาเสียรูป
27/05/2025,,PNL1288,SE16N,1,ชิ้น,,SMT,กำลังแก้ไข,ตะแคง
27/05/2025,,PNL1288,SE16N,3,ชิ้น,,SMT,กำลังแก้ไข,ตะกั่วน้อย
27/05/2025,,PNL1288,SE16N,1,ชิ้น,,SMT,กำลังแก้ไข,ตะกั่วน้อย
27/05/2025,,PNL1295,SE16D,1,ชิ้น,,SMT,กำลังแก้ไข,อุปกรณ์เลื่อน
27/05/2025,,PNL1288,SE16N,1,ชิ้น,,SMT,กำลังแก้ไข,อุปกรณ์ลอย
27/05/2025,,PNL1288,SE19N,1,ชิ้น,,SMT,กำลังแก้ไข,อุปกรณ์ลอย
27/05/2025,,PNL1288,SE21D,1,ชิ้น,,SMT,กำลังแก้ไข,ตะกั่วน้อย
27/05/2025,,K3MF_HL,SE20D,1,ชิ้น,,SMT,กำลังแก้ไข,อุปกรณ์ตั้ง
27/05/2025,,20MY_DRL,SE21N,1,ชิ้น,,SMT,กำลังแก้ไข,อุปกรณ์เลื่อน
27/05/2025,,TLAA,SE20N,2,ชิ้น,,SMT,กำลังแก้ไข,ตะกั่วไม่ขึ้นขา
27/05/2025,,PNL1334,SE15N,1,ชิ้น,,SMT,กำลังแก้ไข,อุปกรณ์เลื่อน
27/05/2025,,PNL1288,SE10N,1,ชิ้น,,SMT,กำลังแก้ไข,ไม่มีอุปกรณ์
27/05/2025,,PNL1288,SE12N,1,ชิ้น,,SMT,กำลังแก้ไข,ตะกั่วไม่ขึนขาอุปกรณ์
27/05/2025,,PNL1288,SE12N,1,ชิ้น,,SMT,กำลังแก้ไข,อุปกรณ์ขาลอย
27/05/2025,,PNL1288,SE08D,1,ชิ้น,,SMT,กำลังแก้ไข,ไม่มีอุปกรณ์
28/05/2025,,PNL1288,SE26N,1,ชิ้น,,SMT,กำลังแก้ไข,อุปกรณ์ตะแคง
28/05/2025,,PNL1288,SE27D,1,ชิ้น,,SMT,กำลังแก้ไข,ตะกั่วน้อย
28/05/2025,,PNL1288,SE24N,1,ชิ้น,,SMT,กำลังแก้ไข,อุปกรณ์ขาลอย
28/05/2025,,PNl1295,SE23N,3,ชิ้น,,SMT,กำลังแก้ไข,อุปกรณ์ร้าว
28/05/2025,,PNl1295,SE23N,2,ชิ้น,,SMT,กำลังแก้ไข,อุปกรณ์แตก
28/05/2025,,PNL1295,SE26N,1,ชิ้น,,SMT,กำลังแก้ไข,อุปกรณ์เลื่อน
28/05/2025,,20MY_DRL,SE27N,9,ชิ้น,,SMT,กำลังแก้ไข,อุปกรณ์เลื่อน
28/05/2025,,PNL1295,SE23N,1,ชิ้น,,SMT,กำลังแก้ไข,ตะกั่วเชื่อม
28/05/2025,,PNL1288,SE23N,1,ชิ้น,,SMT,กำลังแก้ไข,อุปกรณ์ลอย
28/05/2025,,PNL1288,SE27D,1,ชิ้น,,SMT,กำลังแก้ไข,ตะกั่วน้อย
28/05/2025,,PNL1295,SE23N,1,ชิ้น,,SMT,กำลังแก้ไข,ตะกั่วไม่ขึ้นขา
28/05/2025,,PNL1295,SE24N,1,ชิ้น,,SMT,กำลังแก้ไข,อุปกรณ์ตกลาย
28/05/2025,,TLAA,SE22D,6,ชิ้น,,SMT,กำลังแก้ไข,ตะกั่วไม่ขึ้นขา
28/05/2025,,3A0A_LID,SE23N,1,ชิ้น,,SMT,กำลังแก้ไข,อุปกรณ์เลื่อน
28/05/2025,,H60_DRL,SE24D,1,ชิ้น,,SMT,กำลังแก้ไข,ตะกั่วไม่ขึนขาอุปกรณ์
28/05/2025,,PNL1288,SE24D,1,ชิ้น,,SMT,กำลังแก้ไข,อุปกรณ์แตก
28/05/2025,,TLAA,SE20N,3,ชิ้น,,SMT,กำลังแก้ไข,ตะกั่วไม่ขึ้นขาอุปกรณ์
28/05/2025,,20MY_DRL,SE21N,1,ชิ้น,,SMT,กำลังแก้ไข,อุปกรณ์เลื่อน
28/05/2025,,D92A_LO_HI_RH,SE14D,1,ชิ้น,,SMT,กำลังแก้ไข,อุปกรณ์ขาลอย
28/05/2025,,3A0A_RC_R,SE23D,1,ชิ้น,,SMT,กำลังแก้ไข,อุปกรณ์กลับด้าน
28/05/2025,,3A0A_RC_R,SE23D,1,ชิ้น,,SMT,กำลังแก้ไข,อุปกรณ์เลื่อน
28/05/2025,,3A0A_RC_R,SE23D,2,ชิ้น,,SMT,กำลังแก้ไข,ไม่ติดอุปกรณ์
28/05/2025,,3A0A_RC_R,SE23D,1,ชิ้น,,SMT,กำลังแก้ไข,ไม่มีอุปกรณ์
28/05/2025,,655B_FCL_DAA_EB,SE20D,3,ชิ้น,,SMT,กำลังแก้ไข,อุปกรณ์เลื่อน
28/05/2025,,20MY_DRL,SE21N,2,ชิ้น,,SMT,กำลังแก้ไข,อุปกรณ์เลื่อน
28/05/2025,,T20A_RC,SE16N,1,ชิ้น,,SMT,กำลังแก้ไข,อุปกรณ์ไม่มี
28/05/2025,,655B_16088D,SE11D,11,ชิ้น,,SMT,กำลังแก้ไข,อุปกรณ์กลับด้าน
30/05/2025,,3M0A_LO_HI,SE29D,1,ชิ้น,,SMT,กำลังแก้ไข,อุปกรณ์กลับด้าน
30/05/2025,,655B,SE20D,1,ชิ้น,,SMT,กำลังแก้ไข,อุปกรณ์เลื่อน
30/05/2025,,438,SE20N,1,ชิ้น,,SMT,กำลังแก้ไข,สิ่งแปลกปลอม
30/05/2025,,K2SF,SE27D,11,ชิ้น,,SMT,กำลังแก้ไข,ไม่มีอุปกรณ์
30/05/2025,,655B_FCL,SE23D,1,ชิ้น,,SMT,กำลังแก้ไข,อุปกรณ์กลับด้าน
30/05/2025,,655B,SE24N,1,ชิ้น,,SMT,กำลังแก้ไข,อุปกรณ์เลื่อน
30/05/2025,,PNL1288,SE23D,1,ชิ้น,,SMT,กำลังแก้ไข,อุปกรณ์แตก
05/06/2025,,LSC01_RC,SE19N,1,ชิ้น,,SMT,กำลังแก้ไข,สิ่งแปลกปลอม
05/06/2025,,K1ZT_HL,SE24N,1,ชิ้น,,SMT,กำลังแก้ไข,อุปกรณ์เลื่อน
05/06/2025,,K2SF_LOHI,SE30D,1,ชิ้น,,SMT,กำลังแก้ไข,ตะกั่วหลุดออก
05/06/2025,,231B,SE21D,1,ชิ้น,,SMT,กำลังแก้ไข,อุปกรณ์เลื่อน
05/06/2025,,K2SF_FT,SE28D,1,ชิ้น,,SMT,กำลังแก้ไข,ชิ้นส่วนวางไม่ดี
05/06/2025,,K58M,SE30D,1,ชิ้น,,SMT,กำลังแก้ไข,ตะกั่วไม่ขึ้นขา
05/06/2025,,TLAA_FR_FOG,SE30N,1,ชิ้น,,SMT,กำลังแก้ไข,สิ่งแปลกปลอมแท่งขาวๆเล็กๆ
05/06/2025,,YRA,SF02D,1,ชิ้น,,SMT,กำลังแก้ไข,ไม่มีอุปกรณ์
05/06/2025,,YRA,SF02D,3,ชิ้น,,SMT,กำลังแก้ไข,อุปกรณ์เลื่อน
05/06/2025,,K2VH,SE28N,1,ชิ้น,,SMT,กำลังแก้ไข,ตะกั่วน้อย
05/06/2025,,K2VH,SE28N,1,ชิ้น,,SMT,กำลังแก้ไข,อุปกรณ์เลื่อนเพราะมีอุปกรณ์กระเด็นมาติด
05/06/2025,,K2VH,SE28N,1,ชิ้น,,SMT,กำลังแก้ไข,อุปกรณ์เลื่อนเพราะมีอุปกรณ์กระเด็นมาติด
05/06/2025,,655B_LED,SF03N,1,ชิ้น,,SMT,กำลังแก้ไข,ไม่มีอุปกรณ์
05/06/2025,,655B_FCL,SF02N,2,ชิ้น,,SMT,กำลังแก้ไข,อุปกรณ์เลื่อน
05/06/2025,,655B_FCL,SF02N,1,ชิ้น,,SMT,กำลังแก้ไข,ไม่มีอุปกรณ์
05/06/2025,,655B_FCL,SF03N,1,ชิ้น,,SMT,กำลังแก้ไข,ไม่มีอุปกรณ์
05/06/2025,,655B_FCL,SE30N,1,ชิ้น,,SMT,กำลังแก้ไข,อุปกรณ์เลื่อน
05/06/2025,,640_HMSL,SF03D,1,ชิ้น,,SMT,กำลังแก้ไข,ไม่มีอุปกรณ์
05/06/2025,,K2SF_LOHI,SF03N,1,ชิ้น,,SMT,กำลังแก้ไข,อุปกรณ์ตั้ง
05/06/2025,,LSC01_RC,SF02D,1,ชิ้น,,SMT,กำลังแก้ไข,อุปกรณ์กลับด้าน
05/06/2025,,LSC01_HL,SF04D,4,ชิ้น,,SMT,กำลังแก้ไข,อุปกรณ์เลื่อน
05/06/2025,,LSC01_HL,SF04D,2,ชิ้น,,SMT,กำลังแก้ไข,ไม่มีอุปกรณ์
05/06/2025,,655B_FCL,SE26N,1,ชิ้น,,SMT,กำลังแก้ไข,อุปกรณ์เลื่อน
05/06/2025,,640,SE30N,6,ชิ้น,,SMT,กำลังแก้ไข,อุปกรณ์วางแนวตั้ง
05/06/2025,,D92_LOHI,SF03D,2,ชิ้น,,SMT,กำลังแก้ไข,อุปกรณ์กลับด้าน
05/06/2025,,655B_S16101B,SE14N,1,ชิ้น,,SMT,กำลังแก้ไข,อุปกรณ์เลื่อน
05/06/2025,,D92_LO/HI_RH,SE17D,1,ชิ้น,,SMT,กำลังแก้ไข,อุปกรณ์แตก
05/06/2025,,4P00_BI,SE22N,1,ชิ้น,,SMT,กำลังแก้ไข,อุปกรณ์เลื่อน
05/06/2025,,4P00_BI,SE24N,1,ชิ้น,,SMT,กำลังแก้ไข,ตะกั่วเชื่อมขาอุปกรณ์
05/06/2025,,4P00_BI,SE26D,1,ชิ้น,,SMT,กำลังแก้ไข,สิ่งแปลกปลอม
05/06/2025,,K1ZT_HL,SE27N,1,ชิ้น,,SMT,กำลังแก้ไข,ฝุ่นสิ่งแปลกปลอม
06/06/2025,,K3MF_TL,SE09D,1,ชิ้น,,SMT,กำลังแก้ไข,อุปกรณ์เลื่อน
06/06/2025,,K73L,SE07N,1,ชิ้น,,SMT,กำลังแก้ไข,อุปกรณ์เลื่อน
06/06/2025,,K2SF_FT,SE08D,1,ชิ้น,,SMT,กำลังแก้ไข,อุปกรณ์เลื่อน
06/06/2025,,K3MF,SF03N,2,ชิ้น,,SMT,กำลังแก้ไข,อุปกรณ์ตะแคง
06/06/2025,,K73L,SE06D,1,ชิ้น,,SMT,กำลังแก้ไข,อุปกรณ์เลื่อน
06/06/2025,,K1ZT_RCL,SE24D,1,ชิ้น,,SMT,กำลังแก้ไข,อุปกรณ์วางไม่ดี
06/06/2025,,J03A,SE21D,1,ชิ้น,,SMT,กำลังแก้ไข,อุปกรณ์เลื่อน
06/06/2025,,J03A,SE21D,2,ชิ้น,,SMT,กำลังแก้ไข,อุปกรณ์เลื่อน
06/06/2025,,J03A,SE21D,2,ชิ้น,,SMT,กำลังแก้ไข,ไม่มีอุปกรณ์
06/06/2025,,J03A,SE21D,2,ชิ้น,,SMT,กำลังแก้ไข,ไม่มีอุปกรณ์
06/06/2025,,LEA5467,BAE551901D,10,ชิ้น,,SMT,กำลังแก้ไข,อุปกรณ์เลื่อน
06/06/2025,,3M0A_FT,SE20N,2,ชิ้น,,SMT,กำลังแก้ไข,ไม่มีอุปกรณ์
06/06/2025,,LEA5467,BAE543001D,1,ชิ้น,,SMT,กำลังแก้ไข,อุปกรณ์กลับด้าน
06/06/2025,,LEA5467,BAE550701S,2,ชิ้น,,SMT,กำลังแก้ไข,อุปกรณ์เลื่อน
09/06/2025,,655B_FCL,SF04N,5,ชิ้น,,SMT,กำลังแก้ไข,ไม่มีอุปกรณ์
09/06/2025,,T98_HL,SF05N,1,ชิ้น,,SMT,กำลังแก้ไข,อุปกรณ์เลื่อน
09/06/2025,,655B_FCL,SF04N,2,ชิ้น,,SMT,กำลังแก้ไข,อุปกรณ์เลื่อน
09/06/2025,,655B_FCL,SF02N,1,ชิ้น,,SMT,กำลังแก้ไข,อุปกรณ์เลื่อน
09/06/2025,,655B_RCL,SF03D,2,ชิ้น,,SMT,กำลังแก้ไข,อุปกรณ์เลื่อน
09/06/2025,,640_HMSL,SF04N,7,ชิ้น,,SMT,กำลังแก้ไข,ไม่มีอุปกรณ์
09/06/2025,,H60_DRL,SF07D,1,ชิ้น,,SMT,กำลังแก้ไข,อุปกรณ์เลื่อน
09/06/2025,,D92_HI,SE30N,1,ชิ้น,,SMT,กำลังแก้ไข,อุปกรณ์แตก
09/06/2025,,D92_HI,SE30N,3,ชิ้น,,SMT,กำลังแก้ไข,อุปกรณ์แตก
09/06/2025,,D92_HI,SE29D,3,ชิ้น,,SMT,กำลังแก้ไข,อุปกรณ์แตก
09/06/2025,,D92_HI,SE20N,1,ชิ้น,,SMT,กำลังแก้ไข,อุปกรณ์แตก
09/06/2025,,D92_HI,SE19N,1,ชิ้น,,SMT,กำลังแก้ไข,อุปกรณ์แตก
09/06/2025,,D92_HI,SE02N,1,ชิ้น,,SMT,กำลังแก้ไข,อุปกรณ์แตก
09/06/2025,,D92_HI,SF02N,2,ชิ้น,,SMT,กำลังแก้ไข,อุปกรณ์แตก
09/06/2025,,K1ZT_HL,SF05N,2,ชิ้น,,SMT,กำลังแก้ไข,อุปกรณ์ขาลอย
09/06/2025,,PNL1217A,SF07D,1,ชิ้น,,SMT,กำลังแก้ไข,อุปกรณ์ตั้ง
09/06/2025,,H60_84,SF05N,2,ชิ้น,,SMT,กำลังแก้ไข,ตะกั่วน้อย
10/06/2025,,PNL1288,SF30D,1,ชิ้น,,SMT,กำลังแก้ไข,ตะกั่วน้อย
10/06/2025,,TRYA,SF06D,1,ชิ้น,,SMT,กำลังแก้ไข,ไม่ติดอุปกรณ์
10/06/2025,,,SF03N,,ชิ้น,,SMT,กำลังแก้ไข,ตะกั่วน้อย
10/06/2025,,PNL1288,SF30D,2,ชิ้น,,SMT,กำลังแก้ไข,อุปกรณ์ขาลอย
10/06/2025,,PNL1288,SE02D,1,ชิ้น,,SMT,กำลังแก้ไข,อุปกรณ์แตก
10/06/2025,,PNL1295,SE28N,2,ชิ้น,,SMT,กำลังแก้ไข,อุปกรณ์ตะกั่วน้อย
10/06/2025,,3V00_DRL,SF04N,1,ชิ้น,,SMT,กำลังแก้ไข,ตะกั่วน้อย
10/06/2025,,3V00_DRL,SF04N,1,ชิ้น,,SMT,กำลังแก้ไข,อุปกรณ์ตั้ง
10/06/2025,,PNL1288A,SF02D,1,ชิ้น,,SMT,กำลังแก้ไข,ตะกั่วน้อย
10/06/2025,,PNL1295,SE28N,1,ชิ้น,,SMT,กำลังแก้ไข,อุปกรณ์แตก
10/06/2025,,PNL1295,SE28N,2,ชิ้น,,SMT,กำลังแก้ไข,ตะกั่วน้อย
24/06/2025,,K3FA_TL,SF07D,1,ชิ้น,,SMT,กำลังแก้ไข,อุปกรณ์เลื่อน
24/06/2025,,650_HMSL,SF06D,1,ชิ้น,,SMT,กำลังแก้ไข,ไม่มีอุปกรณ์
24/06/2025,,650_HMSL,SF06D,1,ชิ้น,,SMT,กำลังแก้ไข,อุปกรณ์เกิน
24/06/2025,,650_HMSL,SF06D,1,ชิ้น,,SMT,กำลังแก้ไข,อุปกรณ์ตั้ง
24/06/2025,,640MHSL,SF09N,8,ชิ้น,,SMT,กำลังแก้ไข,ไม่มีอุปกรณ์
24/06/2025,,LEA5467A,SF04D,11,ชิ้น,,SMT,กำลังแก้ไข,อุปกรณ์เลื่อน
24/06/2025,,3M0A_LOHI,SF04N,1,ชิ้น,,SMT,กำลังแก้ไข,อุปกรณ์เลื่อน
24/06/2025,,K88,SF03N,1,ชิ้น,,SMT,กำลังแก้ไข,ไม่มีอุปกรณ์
24/06/2025,,RJ08_RC,SE28N,1,ชิ้น,,SMT,กำลังแก้ไข,อุปกร์ตั้ง
24/06/2025,,K2VH-27,SE28N,1,ชิ้น,,SMT,กำลังแก้ไข,ไม่มีอุปกรณ์
24/06/2025,,K2VH-27,SF03N,1,ชิ้น,,SMT,กำลังแก้ไข,อุปกรณ์เลื่อน
24/06/2025,,K58M,SF04D,3,ชิ้น,,SMT,กำลังแก้ไข,อุปกรณ์เลื่อน
24/06/2025,,LEA5467A,SF06D,14,ชิ้น,,SMT,กำลังแก้ไข,อุปกรณ์เลื่อน
24/06/2025,,K2SF,SF05N,3,ชิ้น,,SMT,กำลังแก้ไข,อุปกรณ์เลื่อน
24/06/2025,,K73L,SF09N,3,ชิ้น,,SMT,กำลังแก้ไข,อุปกรณ์เลื่อน
24/06/2025,,K1ZT,SF12N,1,ชิ้น,,SMT,กำลังแก้ไข,"อุปกรณ์ไม่ครบ,เลื่อน"
24/06/2025,,4P00_BI,SF15D,2,ชิ้น,,SMT,กำลังแก้ไข,ตะกั่วเชื่อม
24/06/2025,,4P00_BI,SF09N,3,ชิ้น,,SMT,กำลังแก้ไข,อุปกรณ์เลื่อน
24/06/2025,,BUA1301A,SF10D,1,ชิ้น,,SMT,กำลังแก้ไข,อุปกรณ์กลับด้าน
24/06/2025,,H60_83,SF07N,2,ชิ้น,,SMT,กำลังแก้ไข,ตะกั่วน้อย
24/06/2025,,H60_RC,SF05N,2,ชิ้น,,SMT,กำลังแก้ไข,ไม่มีอุปกรณ์
24/06/2025,,H60_RC,SF14N,1,ชิ้น,,SMT,กำลังแก้ไข,อุปกรณ์เลื่อน
01/07/2025,,PNL1288,SF24D,2,ชิ้น,,SMT,กำลังแก้ไข,ไม่มีอุปกรณ์
01/07/2025,,PNL1288,SF24D,1,ชิ้น,,SMT,กำลังแก้ไข,อุปกรณ์ลอย
01/07/2025,,PNL1288,SF25N,1,ชิ้น,,SMT,กำลังแก้ไข,อุปกรณ์ลอย
01/07/2025,,K1ZT_RCL,SF27N,1,ชิ้น,,SMT,กำลังแก้ไข,ตะกั่วไม่ขึ้นขา
01/07/2025,,K1ZT_RCL,SF27D,1,ชิ้น,,SMT,กำลังแก้ไข,ตะกั่วไม่ขึ้นขา
01/07/2025,,K1ZT_RCL,SF27D,2,ชิ้น,,SMT,กำลังแก้ไข,ไม่มีอุปกรณ์
01/07/2025,,LSC01_RC,SF25D,2,ชิ้น,,SMT,กำลังแก้ไข,อุปกรณ์เกิน(จากการหล่น)
10/07/2025,,K1ZT_RCL,SG08N,1,ชิ้น,,SMT,กำลังแก้ไข,อุปกรณ์กลับด้าน
10/07/2025,,K2FR,SG08D,1,ชิ้น,,SMT,กำลังแก้ไข,อุปกรณ์ตั้ง
10/07/2025,,LEA5467A,SG07D,4,ชิ้น,,SMT,กำลังแก้ไข,อุปกรณ์เลื่อน
10/07/2025,,LEA5467A,SG06D,10,ชิ้น,,SMT,กำลังแก้ไข,อุปกรณ์เลื่อน
10/07/2025,,K2SF_FTPO,SG03N,1,ชิ้น,,SMT,กำลังแก้ไข,อุปกรณ์เลื่อน
10/07/2025,,K2SF,SG01N,1,ชิ้น,,SMT,กำลังแก้ไข,สิ่งแปลกปลอม
10/07/2025,,X18,SF18D,3,ชิ้น,,SMT,กำลังแก้ไข,อุปกรณ์เลื่อน
10/07/2025,,X18,SF22D,10,ชิ้น,,SMT,กำลังแก้ไข,อุปกรณ์เลื่อน
10/07/2025,,LSC01_HL,SG01D,4,ชิ้น,,SMT,กำลังแก้ไข,อุปกรณ์เลื่อน
10/07/2025,,K2SF,SG03N,4,ชิ้น,,SMT,กำลังแก้ไข,อุปกรณ์เลื่อน
10/07/2025,,RJ08_RC,SF21D,1,ชิ้น,,SMT,กำลังแก้ไข,ไม่มีอุปกรณ์
10/07/2025,,K1ZT,SG05D,1,ชิ้น,,SMT,กำลังแก้ไข,อุปกรณ์เลื่อน
10/07/2025,,P60,SF02N,1,ชิ้น,,SMT,กำลังแก้ไข,อุปกรณ์ตกลาย
10/07/2025,,K2SF_FT_PO,SF27D,1,ชิ้น,,SMT,กำลังแก้ไข,อุปกรณ์ตะกั่วไม่เต็มลายทองแดง
10/07/2025,,K2FR,SG01D,1,ชิ้น,,SMT,กำลังแก้ไข,อุปกรณ์กลับขั้ว
10/07/2025,,K2FR,SG01D,4,ชิ้น,,SMT,กำลังแก้ไข,อุปกรณ์เลื่อน
10/07/2025,,K2VH,SG01N,1,ชิ้น,,SMT,กำลังแก้ไข,อุปกรณ์ตั้ง
10/07/2025,,LEA5467A,SF30D,4,ชิ้น,,SMT,กำลังแก้ไข,อุปกรณ์เลื่อน
10/07/2025,,K1ZT_HL,SF30N,1,ชิ้น,,SMT,กำลังแก้ไข,ไม่มีอุปกรณ์
10/07/2025,,LSC01_HL,SF30N,1,ชิ้น,,SMT,กำลังแก้ไข,อุปกรณ์ขาลอย
10/07/2025,,3M0A_LO_HI,SG01N,1,ชิ้น,,SMT,กำลังแก้ไข,อุปกรณ์วางไม่ดี
10/07/2025,,K2SF_LOHI,SF28D,1,ชิ้น,,SMT,กำลังแก้ไข,อุปกรณ์ขาลอย
10/07/2025,,K93F,SF30N,2,ชิ้น,,SMT,กำลังแก้ไข,อุปกรร์ตะกั่วน้อย
10/07/2025,,655B_RCL,SG06D,1,ชิ้น,,SMT,กำลังแก้ไข,อุปกรณ์เลื่อน
10/07/2025,,655B_RCL,SG03N,3,ชิ้น,,SMT,กำลังแก้ไข,อุปกรณ์เลื่อน
10/07/2025,,655B_RCL,SG03N,8,ชิ้น,,SMT,กำลังแก้ไข,อุปกรณ์เลื่อน
10/07/2025,,655B,SG01D,1,ชิ้น,,SMT,กำลังแก้ไข,อุปกรณ์เลื่อน
10/07/2025,,655B_RCL,SE03N,1,ชิ้น,,SMT,กำลังแก้ไข,อุปกรณ์ตะแคง
10/07/2025,,660A,SG05D,1,ชิ้น,,SMT,กำลังแก้ไข,อุปกรณ์กลับขั้ว
10/07/2025,,655B,SG03D,1,ชิ้น,,SMT,กำลังแก้ไข,อุปกรณ์กลับด้าน
10/07/2025,,K3FA_TL,SG04N,1,ชิ้น,,SMT,กำลังแก้ไข,อุปกรณ์กลับด้าน
10/07/2025,,K2SF,SG05N,1,ชิ้น,,SMT,กำลังแก้ไข,ไม่มีอุปกรณ์
10/07/2025,,T98_TL,SG03N,1,ชิ้น,,SMT,กำลังแก้ไข,สิ่งแปลกปลอม
10/07/2025,,655B_FCL,SG05N,1,ชิ้น,,SMT,กำลังแก้ไข,ไม่มีอุปกรณ์
10/07/2025,,,,,,,,,
10/07/2025,,,,,,,,,
10/07/2025,,,,,,,,,
10/07/2025,,,,,,,,,
10/07/2025,,,,,,,,,
10/07/2025,,,,,,,,,
10/07/2025,,,,,,,,,
10/07/2025,,,,,,,,,
10/07/2025,,,,,,,,,
10/07/2025,,,,,,,,,
10/07/2025,,,,,,,,,
10/07/2025,,,,,,,,,
10/07/2025,,,,,,,,,
10/07/2025,,,,,,,,,
10/07/2025,,,,,,,,,
10/07/2025,,,,,,,,,
10/07/2025,,,,,,,,,
10/07/2025,,,,,,,,,
10/07/2025,,,,,,,,,
10/07/2025,,,,,,,,,
10/07/2025,,,,,,,,,
10/07/2025,,,,,,,,,
10/07/2025,,,,,,,,,
